-- phpMyAdmin SQL Dump
-- version 4.2.7.1
-- http://www.phpmyadmin.net
--
-- Host: localhost
-- Generation Time: 2015-01-01 10:34:26
-- 服务器版本： 5.6.20
-- PHP Version: 5.5.15

SET SQL_MODE = "NO_AUTO_VALUE_ON_ZERO";
SET time_zone = "+00:00";


/*!40101 SET @OLD_CHARACTER_SET_CLIENT=@@CHARACTER_SET_CLIENT */;
/*!40101 SET @OLD_CHARACTER_SET_RESULTS=@@CHARACTER_SET_RESULTS */;
/*!40101 SET @OLD_COLLATION_CONNECTION=@@COLLATION_CONNECTION */;
/*!40101 SET NAMES utf8 */;

--
-- Database: `qualitylife`
--

-- --------------------------------------------------------

--
-- 表的结构 `ad`
--

CREATE TABLE IF NOT EXISTS `ad` (
`id` int(11) NOT NULL,
  `picurl` varchar(255) DEFAULT NULL COMMENT '广告图片',
  `url` varchar(255) DEFAULT NULL COMMENT '点击进入页面',
  `start_time` datetime DEFAULT NULL,
  `end_time` datetime DEFAULT NULL,
  `create_time` timestamp NOT NULL DEFAULT CURRENT_TIMESTAMP ON UPDATE CURRENT_TIMESTAMP
) ENGINE=InnoDB DEFAULT CHARSET=utf8 COMMENT='广告' AUTO_INCREMENT=1 ;

-- --------------------------------------------------------

--
-- 表的结构 `address`
--

CREATE TABLE IF NOT EXISTS `address` (
`id` int(11) NOT NULL,
  `user_id` int(11) NOT NULL,
  `receiver` varchar(45) NOT NULL COMMENT '收件人',
  `province` varchar(45) NOT NULL COMMENT '省',
  `city` varchar(45) NOT NULL COMMENT '市',
  `district` varchar(45) NOT NULL COMMENT '县or区',
  `street` varchar(255) NOT NULL,
  `postal_code` varchar(45) DEFAULT NULL,
  `mobile_phone` varchar(45) DEFAULT NULL COMMENT '手机号',
  `fixed_phone` varchar(45) DEFAULT NULL COMMENT '固定电话',
  `default` tinyint(1) NOT NULL DEFAULT '0' COMMENT '是否为默认地址'
) ENGINE=InnoDB  DEFAULT CHARSET=utf8 COMMENT='收货地址' AUTO_INCREMENT=52 ;

--
-- 转存表中的数据 `address`
--

INSERT INTO `address` (`id`, `user_id`, `receiver`, `province`, `city`, `district`, `street`, `postal_code`, `mobile_phone`, `fixed_phone`, `default`) VALUES
(37, 1, '1', '1', '1', '1', '1', NULL, NULL, NULL, 0),
(41, 21, '陈昱瑞', '江苏', '徐州', '徐州', '中国矿业大学', '221006', '13115223646', '123', 0),
(42, 21, '清水雷鸣', '上海', '上海', '大厂', '旅游火烧', '22222', '131435346', NULL, 0),
(43, 21, '', '江西', '上饶', '万年', '', NULL, NULL, NULL, 0),
(44, 21, '', '广西', '柳州', '三江', '', NULL, NULL, NULL, 0),
(45, 21, 'rrr', '广西', '柳州', '三江', 'rrr', '21312321312', '123123123123', NULL, 0),
(46, 21, '23123', '广西', '玉林', '兴业', '123213', '123213', '312123', NULL, 1),
(47, 21, '', '安徽', '六安', '六安', '', NULL, NULL, NULL, 0),
(48, 21, '', '山东', '东营', '东营', '', NULL, NULL, NULL, 0),
(49, 21, '', '安徽', '亳州', '亳州', '', NULL, NULL, NULL, 0),
(50, 0, '陈昱瑞', '江苏', '徐州', '徐州', '呵呵', '123', '123', '123', 0),
(51, 0, 'q', '江西', '上饶', '万年', 'q', '123', '123', '123', 1);

-- --------------------------------------------------------

--
-- 表的结构 `admin`
--

CREATE TABLE IF NOT EXISTS `admin` (
`id` int(11) NOT NULL,
  `username` varchar(255) NOT NULL,
  `tel` varchar(255) DEFAULT NULL COMMENT '手机号',
  `email` varchar(255) DEFAULT NULL COMMENT '邮箱',
  `code` varchar(25) DEFAULT NULL,
  `type` tinyint(4) NOT NULL DEFAULT '1' COMMENT '管理员类型',
  `create_time` timestamp NOT NULL DEFAULT CURRENT_TIMESTAMP ON UPDATE CURRENT_TIMESTAMP
) ENGINE=InnoDB DEFAULT CHARSET=utf8 COMMENT='管理员' AUTO_INCREMENT=1 ;

-- --------------------------------------------------------

--
-- 表的结构 `article`
--

CREATE TABLE IF NOT EXISTS `article` (
`id` int(11) NOT NULL,
  `title` varchar(255) NOT NULL,
  `content` varchar(255) DEFAULT NULL,
  `date` date DEFAULT NULL,
  `type` varchar(255) DEFAULT NULL COMMENT '类型系统文章还是其他',
  `create_time` timestamp NOT NULL DEFAULT CURRENT_TIMESTAMP ON UPDATE CURRENT_TIMESTAMP,
  `enable` tinyint(1) NOT NULL DEFAULT '1'
) ENGINE=InnoDB  DEFAULT CHARSET=utf8 AUTO_INCREMENT=2 ;

--
-- 转存表中的数据 `article`
--

INSERT INTO `article` (`id`, `title`, `content`, `date`, `type`, `create_time`, `enable`) VALUES
(1, '购物流程', '123', '2014-12-03', '新手入门', '2014-12-28 10:50:30', 1);

-- --------------------------------------------------------

--
-- 表的结构 `attribute`
--

CREATE TABLE IF NOT EXISTS `attribute` (
`id` int(11) NOT NULL,
  `gopen_id` int(11) NOT NULL,
  `name` varchar(255) NOT NULL,
  `stock` int(11) NOT NULL DEFAULT '0' COMMENT '库存'
) ENGINE=InnoDB  DEFAULT CHARSET=utf8 COMMENT='属性S M L' AUTO_INCREMENT=12 ;

--
-- 转存表中的数据 `attribute`
--

INSERT INTO `attribute` (`id`, `gopen_id`, `name`, `stock`) VALUES
(4, 1, 'S', 31),
(5, 1, 'M', 2),
(6, 1, 'L', 30),
(7, 2, 'M', 0),
(8, 2, 'L', 8),
(9, 3, 'M', 12),
(10, 4, 'qqq', 63),
(11, 5, 'G', 0);

-- --------------------------------------------------------

--
-- 表的结构 `cart`
--

CREATE TABLE IF NOT EXISTS `cart` (
`id` int(11) NOT NULL,
  `user_id` int(11) NOT NULL,
  `gopen_id` int(11) NOT NULL,
  `attribute_id` int(11) DEFAULT NULL,
  `number` int(255) NOT NULL DEFAULT '0' COMMENT '数量'
) ENGINE=InnoDB  DEFAULT CHARSET=utf8 COMMENT='购物车' AUTO_INCREMENT=5 ;

-- --------------------------------------------------------

--
-- 表的结构 `city`
--

CREATE TABLE IF NOT EXISTS `city` (
  `id` int(11) NOT NULL,
  `pid` int(11) NOT NULL,
  `name` varchar(20) NOT NULL,
  `level` enum('province','city','town','') NOT NULL
) ENGINE=MyISAM DEFAULT CHARSET=utf8 COMMENT='这张表存放三级联动';

--
-- 转存表中的数据 `city`
--

INSERT INTO `city` (`id`, `pid`, `name`, `level`) VALUES
(1, 0, '北京', 'province'),
(101, 1, '北京', 'city'),
(10101, 101, '北京', 'town'),
(10102, 101, '海淀', 'town'),
(10103, 101, '朝阳', 'town'),
(10104, 101, '顺义', 'town'),
(10105, 101, '怀柔', 'town'),
(10106, 101, '通州', 'town'),
(10107, 101, '昌平', 'town'),
(10108, 101, '延庆', 'town'),
(10109, 101, '丰台', 'town'),
(10110, 101, '石景山', 'town'),
(10111, 101, '大兴', 'town'),
(10112, 101, '房山', 'town'),
(10113, 101, '密云', 'town'),
(10114, 101, '门头沟', 'town'),
(10115, 101, '平谷', 'town'),
(2, 0, '上海', 'province'),
(201, 2, '上海', 'city'),
(20101, 201, '上海', 'town'),
(20102, 201, '闵行', 'town'),
(20103, 201, '宝山', 'town'),
(20104, 201, '嘉定', 'town'),
(20105, 201, '浦东南汇', 'town'),
(20106, 201, '金山', 'town'),
(20107, 201, '青浦', 'town'),
(20108, 201, '松江', 'town'),
(20109, 201, '奉贤', 'town'),
(20110, 201, '崇明', 'town'),
(20111, 201, '徐家汇', 'town'),
(20112, 201, '浦东', 'town'),
(3, 0, '天津', 'province'),
(301, 3, '天津', 'city'),
(30101, 301, '天津', 'town'),
(30102, 301, '武清', 'town'),
(30103, 301, '宝坻', 'town'),
(30104, 301, '东丽', 'town'),
(30105, 301, '西青', 'town'),
(30106, 301, '北辰', 'town'),
(30107, 301, '宁河', 'town'),
(30108, 301, '汉沽', 'town'),
(30109, 301, '静海', 'town'),
(30110, 301, '津南', 'town'),
(30111, 301, '塘沽', 'town'),
(30112, 301, '大港', 'town'),
(30113, 301, '蓟县', 'town'),
(4, 0, '重庆', 'province'),
(401, 4, '重庆', 'city'),
(40101, 401, '重庆', 'town'),
(40102, 401, '永川', 'town'),
(40103, 401, '合川', 'town'),
(40104, 401, '南川', 'town'),
(40105, 401, '江津', 'town'),
(40106, 401, '万盛', 'town'),
(40107, 401, '渝北', 'town'),
(40108, 401, '北碚', 'town'),
(40109, 401, '巴南', 'town'),
(40110, 401, '长寿', 'town'),
(40111, 401, '黔江', 'town'),
(40112, 401, '万州', 'town'),
(40113, 401, '涪陵', 'town'),
(40114, 401, '开县', 'town'),
(40115, 401, '城口', 'town'),
(40116, 401, '云阳', 'town'),
(40117, 401, '巫溪', 'town'),
(40118, 401, '奉节', 'town'),
(40119, 401, '巫山', 'town'),
(40120, 401, '潼南', 'town'),
(40121, 401, '垫江', 'town'),
(40122, 401, '梁平', 'town'),
(40123, 401, '忠县', 'town'),
(40124, 401, '石柱', 'town'),
(40125, 401, '大足', 'town'),
(40126, 401, '荣昌', 'town'),
(40127, 401, '铜梁', 'town'),
(40128, 401, '璧山', 'town'),
(40129, 401, '丰都', 'town'),
(40130, 401, '武隆', 'town'),
(40131, 401, '彭水', 'town'),
(40132, 401, '綦江', 'town'),
(40133, 401, '酉阳', 'town'),
(40134, 401, '秀山', 'town'),
(5, 0, '黑龙江', 'province'),
(501, 5, '哈尔滨', 'city'),
(50101, 501, '哈尔滨', 'town'),
(50102, 501, '双城', 'town'),
(50103, 501, '呼兰', 'town'),
(50104, 501, '阿城', 'town'),
(50105, 501, '宾县', 'town'),
(50106, 501, '依兰', 'town'),
(50107, 501, '巴彦', 'town'),
(50108, 501, '通河', 'town'),
(50109, 501, '方正', 'town'),
(50110, 501, '延寿', 'town'),
(50111, 501, '尚志', 'town'),
(50112, 501, '五常', 'town'),
(50113, 501, '木兰', 'town'),
(502, 5, '齐齐哈尔', 'city'),
(50201, 502, '齐齐哈尔', 'town'),
(50202, 502, '讷河', 'town'),
(50203, 502, '龙江', 'town'),
(50204, 502, '甘南', 'town'),
(50205, 502, '富裕', 'town'),
(50206, 502, '依安', 'town'),
(50207, 502, '拜泉', 'town'),
(50208, 502, '克山', 'town'),
(50209, 502, '克东', 'town'),
(50210, 502, '泰来', 'town'),
(503, 5, '牡丹江', 'city'),
(50301, 503, '牡丹江', 'town'),
(50302, 503, '海林', 'town'),
(50303, 503, '穆棱', 'town'),
(50304, 503, '林口', 'town'),
(50305, 503, '绥芬河', 'town'),
(50306, 503, '宁安', 'town'),
(50307, 503, '东宁', 'town'),
(504, 5, '佳木斯', 'city'),
(50401, 504, '佳木斯', 'town'),
(50402, 504, '汤原', 'town'),
(50403, 504, '抚远', 'town'),
(50404, 504, '桦川', 'town'),
(50405, 504, '桦南', 'town'),
(50406, 504, '同江', 'town'),
(50407, 504, '富锦', 'town'),
(505, 5, '绥化', 'city'),
(50501, 505, '绥化', 'town'),
(50502, 505, '肇东', 'town'),
(50503, 505, '安达', 'town'),
(50504, 505, '海伦', 'town'),
(50505, 505, '明水', 'town'),
(50506, 505, '望奎', 'town'),
(50507, 505, '兰西', 'town'),
(50508, 505, '青冈', 'town'),
(50509, 505, '庆安', 'town'),
(50510, 505, '绥棱', 'town'),
(506, 5, '黑河', 'city'),
(50601, 506, '黑河', 'town'),
(50602, 506, '嫩江', 'town'),
(50603, 506, '孙吴', 'town'),
(50604, 506, '逊克', 'town'),
(50605, 506, '五大连池', 'town'),
(50606, 506, '北安', 'town'),
(507, 5, '大兴安岭', 'city'),
(50701, 507, '大兴安岭', 'town'),
(50702, 507, '塔河', 'town'),
(50703, 507, '漠河', 'town'),
(50704, 507, '呼玛', 'town'),
(50705, 507, '呼中', 'town'),
(50706, 507, '新林', 'town'),
(50707, 507, '加格达奇', 'town'),
(508, 5, '伊春', 'city'),
(50801, 508, '伊春', 'town'),
(50802, 508, '乌伊岭', 'town'),
(50803, 508, '五营', 'town'),
(50804, 508, '铁力', 'town'),
(50805, 508, '嘉荫', 'town'),
(509, 5, '大庆', 'city'),
(50901, 509, '大庆', 'town'),
(50902, 509, '林甸', 'town'),
(50903, 509, '肇州', 'town'),
(50904, 509, '肇源', 'town'),
(50905, 509, '杜尔伯特', 'town'),
(510, 5, '七台河', 'city'),
(51001, 510, '七台河', 'town'),
(51002, 510, '勃利', 'town'),
(511, 5, '鸡西', 'city'),
(51101, 511, '鸡西', 'town'),
(51102, 511, '虎林', 'town'),
(51103, 511, '密山', 'town'),
(51104, 511, '鸡东', 'town'),
(512, 5, '鹤岗', 'city'),
(51201, 512, '鹤岗', 'town'),
(51202, 512, '绥滨', 'town'),
(51203, 512, '萝北', 'town'),
(513, 5, '双鸭山', 'city'),
(51301, 513, '双鸭山', 'town'),
(51302, 513, '集贤', 'town'),
(51303, 513, '宝清', 'town'),
(51304, 513, '饶河', 'town'),
(51305, 513, '友谊', 'town'),
(6, 0, '吉林', 'province'),
(601, 6, '长春', 'city'),
(60101, 601, '长春', 'town'),
(60102, 601, '农安', 'town'),
(60103, 601, '德惠', 'town'),
(60104, 601, '九台', 'town'),
(60105, 601, '榆树', 'town'),
(60106, 601, '双阳', 'town'),
(602, 6, '吉林', 'city'),
(60201, 602, '吉林', 'town'),
(60202, 602, '舒兰', 'town'),
(60203, 602, '永吉', 'town'),
(60204, 602, '蛟河', 'town'),
(60205, 602, '磐石', 'town'),
(60206, 602, '桦甸', 'town'),
(603, 6, '延边', 'city'),
(60301, 603, '延吉', 'town'),
(60302, 603, '敦化', 'town'),
(60303, 603, '安图', 'town'),
(60304, 603, '汪清', 'town'),
(60305, 603, '和龙', 'town'),
(60306, 603, '龙井', 'town'),
(60307, 603, '珲春', 'town'),
(60308, 603, '图们', 'town'),
(604, 6, '四平', 'city'),
(60401, 604, '四平', 'town'),
(60402, 604, '双辽', 'town'),
(60403, 604, '梨树', 'town'),
(60404, 604, '公主岭', 'town'),
(60405, 604, '伊通', 'town'),
(605, 6, '通化', 'city'),
(60501, 605, '通化', 'town'),
(60502, 605, '梅河口', 'town'),
(60503, 605, '柳河', 'town'),
(60504, 605, '辉南', 'town'),
(60505, 605, '集安', 'town'),
(60506, 605, '通化县', 'town'),
(606, 6, '白城', 'city'),
(60601, 606, '白城', 'town'),
(60602, 606, '洮南', 'town'),
(60603, 606, '大安', 'town'),
(60604, 606, '镇赉', 'town'),
(60605, 606, '通榆', 'town'),
(607, 6, '辽源', 'city'),
(60701, 607, '辽源', 'town'),
(60702, 607, '东丰', 'town'),
(60703, 607, '东辽', 'town'),
(608, 6, '松原', 'city'),
(60801, 608, '松原', 'town'),
(60802, 608, '乾安', 'town'),
(60803, 608, '前郭', 'town'),
(60804, 608, '长岭', 'town'),
(60805, 608, '扶余', 'town'),
(609, 6, '白山', 'city'),
(60901, 609, '白山', 'town'),
(60902, 609, '靖宇', 'town'),
(60903, 609, '临江', 'town'),
(60904, 609, '东岗', 'town'),
(60905, 609, '长白', 'town'),
(60906, 609, '抚松', 'town'),
(60907, 609, '江源', 'town'),
(7, 0, '辽宁', 'province'),
(701, 7, '沈阳', 'city'),
(70101, 701, '沈阳', 'town'),
(70102, 701, '辽中', 'town'),
(70103, 701, '康平', 'town'),
(70104, 701, '法库', 'town'),
(70105, 701, '新民', 'town'),
(702, 7, '大连', 'city'),
(70201, 702, '大连', 'town'),
(70202, 702, '瓦房店', 'town'),
(70203, 702, '金州', 'town'),
(70204, 702, '普兰店', 'town'),
(70205, 702, '旅顺', 'town'),
(70206, 702, '长海', 'town'),
(70207, 702, '庄河', 'town'),
(703, 7, '鞍山', 'city'),
(70301, 703, '鞍山', 'town'),
(70302, 703, '台安', 'town'),
(70303, 703, '岫岩', 'town'),
(70304, 703, '海城', 'town'),
(704, 7, '抚顺', 'city'),
(70401, 704, '抚顺', 'town'),
(70402, 704, '新宾', 'town'),
(70403, 704, '清原', 'town'),
(70404, 704, '章党', 'town'),
(705, 7, '本溪', 'city'),
(70501, 705, '本溪', 'town'),
(70502, 705, '本溪县', 'town'),
(70503, 705, '桓仁', 'town'),
(706, 7, '丹东', 'city'),
(70601, 706, '丹东', 'town'),
(70602, 706, '凤城', 'town'),
(70603, 706, '宽甸', 'town'),
(70604, 706, '东港', 'town'),
(707, 7, '锦州', 'city'),
(70701, 707, '锦州', 'town'),
(70702, 707, '凌海', 'town'),
(70703, 707, '义县', 'town'),
(70704, 707, '黑山', 'town'),
(70705, 707, '北镇', 'town'),
(708, 7, '营口', 'city'),
(70801, 708, '营口', 'town'),
(70802, 708, '大石桥', 'town'),
(70803, 708, '盖州', 'town'),
(709, 7, '阜新', 'city'),
(70901, 709, '阜新', 'town'),
(70902, 709, '彰武', 'town'),
(710, 7, '辽阳', 'city'),
(71001, 710, '辽阳', 'town'),
(71002, 710, '辽阳县', 'town'),
(71003, 710, '灯塔', 'town'),
(71004, 710, '弓长岭', 'town'),
(711, 7, '铁岭', 'city'),
(71101, 711, '铁岭', 'town'),
(71102, 711, '开原', 'town'),
(71103, 711, '昌图', 'town'),
(71104, 711, '西丰', 'town'),
(71105, 711, '调兵山', 'town'),
(712, 7, '朝阳', 'city'),
(71201, 712, '朝阳', 'town'),
(71202, 712, '凌源', 'town'),
(71203, 712, '喀左', 'town'),
(71204, 712, '北票', 'town'),
(71205, 712, '建平县', 'town'),
(713, 7, '盘锦', 'city'),
(71301, 713, '盘锦', 'town'),
(71302, 713, '大洼', 'town'),
(71303, 713, '盘山', 'town'),
(714, 7, '葫芦岛', 'city'),
(71401, 714, '葫芦岛', 'town'),
(71402, 714, '建昌', 'town'),
(71403, 714, '绥中', 'town'),
(71404, 714, '兴城', 'town'),
(8, 0, '内蒙古', 'province'),
(801, 8, '呼和浩特', 'city'),
(80101, 801, '呼和浩特', 'town'),
(80102, 801, '土左旗', 'town'),
(80103, 801, '托县', 'town'),
(80104, 801, '和林', 'town'),
(80105, 801, '清水河', 'town'),
(80106, 801, '呼市郊区', 'town'),
(80107, 801, '武川', 'town'),
(802, 8, '包头', 'city'),
(80201, 802, '包头', 'town'),
(80202, 802, '白云鄂博', 'town'),
(80203, 802, '满都拉', 'town'),
(80204, 802, '土右旗', 'town'),
(80205, 802, '固阳', 'town'),
(80206, 802, '达茂旗', 'town'),
(80207, 802, '希拉穆仁', 'town'),
(803, 8, '乌海', 'city'),
(80301, 803, '乌海', 'town'),
(804, 8, '乌兰察布', 'city'),
(80401, 804, '集宁', 'town'),
(80402, 804, '卓资', 'town'),
(80403, 804, '化德', 'town'),
(80404, 804, '商都', 'town'),
(80405, 804, '兴和', 'town'),
(80406, 804, '凉城', 'town'),
(80407, 804, '察右前旗', 'town'),
(80408, 804, '察右中旗', 'town'),
(80409, 804, '察右后旗', 'town'),
(80410, 804, '四子王旗', 'town'),
(80411, 804, '丰镇', 'town'),
(805, 8, '通辽', 'city'),
(80501, 805, '通辽', 'town'),
(80502, 805, '舍伯吐', 'town'),
(80503, 805, '科左中旗', 'town'),
(80504, 805, '科左后旗', 'town'),
(80505, 805, '青龙山', 'town'),
(80506, 805, '开鲁', 'town'),
(80507, 805, '库伦', 'town'),
(80508, 805, '奈曼', 'town'),
(80509, 805, '扎鲁特', 'town'),
(80510, 805, '巴雅尔吐胡硕', 'town'),
(80511, 805, '霍林郭勒', 'town'),
(806, 8, '赤峰', 'city'),
(80601, 806, '赤峰', 'town'),
(80602, 806, '阿鲁旗', 'town'),
(80603, 806, '浩尔吐', 'town'),
(80604, 806, '巴林左旗', 'town'),
(80605, 806, '巴林右旗', 'town'),
(80606, 806, '林西', 'town'),
(80607, 806, '克什克腾', 'town'),
(80608, 806, '翁牛特', 'town'),
(80609, 806, '岗子', 'town'),
(80610, 806, '喀喇沁', 'town'),
(80611, 806, '八里罕', 'town'),
(80612, 806, '宁城', 'town'),
(80613, 806, '敖汉', 'town'),
(80614, 806, '宝国吐', 'town'),
(807, 8, '鄂尔多斯', 'city'),
(80701, 807, '鄂尔多斯', 'town'),
(80702, 807, '达拉特', 'town'),
(80703, 807, '准格尔', 'town'),
(80704, 807, '鄂前旗', 'town'),
(80705, 807, '河南', 'town'),
(80706, 807, '伊克乌素', 'town'),
(80707, 807, '鄂托克', 'town'),
(80708, 807, '杭锦旗', 'town'),
(80709, 807, '乌审旗', 'town'),
(80710, 807, '伊金霍洛', 'town'),
(80711, 807, '乌审召', 'town'),
(80712, 807, '东胜', 'town'),
(808, 8, '巴彦淖尔', 'city'),
(80801, 808, '临河', 'town'),
(80802, 808, '五原', 'town'),
(80803, 808, '磴口', 'town'),
(80804, 808, '乌前旗', 'town'),
(80805, 808, '大佘太', 'town'),
(80806, 808, '乌中旗', 'town'),
(80807, 808, '乌后旗', 'town'),
(80808, 808, '海力素', 'town'),
(80809, 808, '那仁宝力格', 'town'),
(80810, 808, '杭锦后旗', 'town'),
(809, 8, '锡林郭勒', 'city'),
(80901, 809, '锡林浩特', 'town'),
(80902, 809, '二连浩特', 'town'),
(80903, 809, '阿巴嘎', 'town'),
(80904, 809, '苏左旗', 'town'),
(80905, 809, '苏右旗', 'town'),
(80906, 809, '朱日和', 'town'),
(80907, 809, '东乌旗', 'town'),
(80908, 809, '西乌旗', 'town'),
(80909, 809, '太仆寺', 'town'),
(80910, 809, '镶黄旗', 'town'),
(80911, 809, '正镶白旗', 'town'),
(80912, 809, '正蓝旗', 'town'),
(80913, 809, '多伦', 'town'),
(80914, 809, '博克图', 'town'),
(80915, 809, '乌拉盖', 'town'),
(810, 8, '呼伦贝尔', 'city'),
(81001, 810, '海拉尔', 'town'),
(81002, 810, '小二沟', 'town'),
(81003, 810, '阿荣旗', 'town'),
(81004, 810, '莫力达瓦', 'town'),
(81005, 810, '鄂伦春旗', 'town'),
(81006, 810, '鄂温克旗', 'town'),
(81007, 810, '陈旗', 'town'),
(81008, 810, '新左旗', 'town'),
(81009, 810, '新右旗', 'town'),
(81010, 810, '满洲里', 'town'),
(81011, 810, '牙克石', 'town'),
(81012, 810, '扎兰屯', 'town'),
(81013, 810, '额尔古纳', 'town'),
(81014, 810, '根河', 'town'),
(81015, 810, '图里河', 'town'),
(811, 8, '兴安盟', 'city'),
(81101, 811, '高力板', 'town'),
(81102, 811, '乌兰浩特', 'town'),
(81103, 811, '阿尔山', 'town'),
(81104, 811, '科右中旗', 'town'),
(81105, 811, '胡尔勒', 'town'),
(81106, 811, '扎赉特', 'town'),
(81107, 811, '索伦', 'town'),
(81108, 811, '突泉', 'town'),
(81109, 811, '科右前旗', 'town'),
(812, 8, '阿拉善盟', 'city'),
(81201, 812, '阿左旗', 'town'),
(81202, 812, '阿右旗', 'town'),
(81203, 812, '额济纳', 'town'),
(81204, 812, '拐子湖', 'town'),
(81205, 812, '吉兰太', 'town'),
(81206, 812, '锡林高勒', 'town'),
(81207, 812, '头道湖', 'town'),
(81208, 812, '中泉子', 'town'),
(81209, 812, '诺尔公', 'town'),
(81210, 812, '雅布赖', 'town'),
(81211, 812, '乌斯泰', 'town'),
(81212, 812, '孪井滩', 'town'),
(9, 0, '河北', 'province'),
(901, 9, '石家庄', 'city'),
(90101, 901, '石家庄', 'town'),
(90102, 901, '井陉', 'town'),
(90103, 901, '正定', 'town'),
(90104, 901, '栾城', 'town'),
(90105, 901, '行唐', 'town'),
(90106, 901, '灵寿', 'town'),
(90107, 901, '高邑', 'town'),
(90108, 901, '深泽', 'town'),
(90109, 901, '赞皇', 'town'),
(90110, 901, '无极', 'town'),
(90111, 901, '平山', 'town'),
(90112, 901, '元氏', 'town'),
(90113, 901, '赵县', 'town'),
(90114, 901, '辛集', 'town'),
(90115, 901, '藁城', 'town'),
(90116, 901, '晋州', 'town'),
(90117, 901, '新乐', 'town'),
(90118, 901, '鹿泉', 'town'),
(902, 9, '保定', 'city'),
(90201, 902, '保定', 'town'),
(90202, 902, '满城', 'town'),
(90203, 902, '阜平', 'town'),
(90204, 902, '徐水', 'town'),
(90205, 902, '唐县', 'town'),
(90206, 902, '高阳', 'town'),
(90207, 902, '容城', 'town'),
(90208, 902, '涞源', 'town'),
(90209, 902, '望都', 'town'),
(90210, 902, '安新', 'town'),
(90211, 902, '易县', 'town'),
(90212, 902, '曲阳', 'town'),
(90213, 902, '蠡县', 'town'),
(90214, 902, '顺平', 'town'),
(90215, 902, '雄县', 'town'),
(90216, 902, '涿州', 'town'),
(90217, 902, '定州', 'town'),
(90218, 902, '安国', 'town'),
(90219, 902, '高碑店', 'town'),
(90220, 902, '涞水', 'town'),
(90221, 902, '定兴', 'town'),
(90222, 902, '清苑', 'town'),
(90223, 902, '博野', 'town'),
(903, 9, '张家口', 'city'),
(90301, 903, '张家口', 'town'),
(90302, 903, '宣化', 'town'),
(90303, 903, '张北', 'town'),
(90304, 903, '康保', 'town'),
(90305, 903, '沽源', 'town'),
(90306, 903, '尚义', 'town'),
(90307, 903, '蔚县', 'town'),
(90308, 903, '阳原', 'town'),
(90309, 903, '怀安', 'town'),
(90310, 903, '万全', 'town'),
(90311, 903, '怀来', 'town'),
(90312, 903, '涿鹿', 'town'),
(90313, 903, '赤城', 'town'),
(90314, 903, '崇礼', 'town'),
(904, 9, '承德', 'city'),
(90401, 904, '承德', 'town'),
(90402, 904, '承德县', 'town'),
(90403, 904, '兴隆', 'town'),
(90404, 904, '平泉', 'town'),
(90405, 904, '滦平', 'town'),
(90406, 904, '隆化', 'town'),
(90407, 904, '丰宁', 'town'),
(90408, 904, '宽城', 'town'),
(90409, 904, '围场', 'town'),
(905, 9, '唐山', 'city'),
(90501, 905, '唐山', 'town'),
(90502, 905, '丰南', 'town'),
(90503, 905, '丰润', 'town'),
(90504, 905, '滦县', 'town'),
(90505, 905, '滦南', 'town'),
(90506, 905, '乐亭', 'town'),
(90507, 905, '迁西', 'town'),
(90508, 905, '玉田', 'town'),
(90509, 905, '唐海', 'town'),
(90510, 905, '遵化', 'town'),
(90511, 905, '迁安', 'town'),
(90512, 905, '曹妃甸', 'town'),
(906, 9, '廊坊', 'city'),
(90601, 906, '廊坊', 'town'),
(90602, 906, '固安', 'town'),
(90603, 906, '永清', 'town'),
(90604, 906, '香河', 'town'),
(90605, 906, '大城', 'town'),
(90606, 906, '文安', 'town'),
(90607, 906, '大厂', 'town'),
(90608, 906, '霸州', 'town'),
(90609, 906, '三河', 'town'),
(907, 9, '沧州', 'city'),
(90701, 907, '沧州', 'town'),
(90702, 907, '青县', 'town'),
(90703, 907, '东光', 'town'),
(90704, 907, '海兴', 'town'),
(90705, 907, '盐山', 'town'),
(90706, 907, '肃宁', 'town'),
(90707, 907, '南皮', 'town'),
(90708, 907, '吴桥', 'town'),
(90709, 907, '献县', 'town'),
(90710, 907, '孟村', 'town'),
(90711, 907, '泊头', 'town'),
(90712, 907, '任丘', 'town'),
(90713, 907, '黄骅', 'town'),
(90714, 907, '河间', 'town'),
(90715, 907, '沧县', 'town'),
(908, 9, '衡水', 'city'),
(90801, 908, '衡水', 'town'),
(90802, 908, '枣强', 'town'),
(90803, 908, '武邑', 'town'),
(90804, 908, '武强', 'town'),
(90805, 908, '饶阳', 'town'),
(90806, 908, '安平', 'town'),
(90807, 908, '故城', 'town'),
(90808, 908, '景县', 'town'),
(90809, 908, '阜城', 'town'),
(90810, 908, '冀州', 'town'),
(90811, 908, '深州', 'town'),
(909, 9, '邢台', 'city'),
(90901, 909, '邢台', 'town'),
(90902, 909, '临城', 'town'),
(90903, 909, '内丘', 'town'),
(90904, 909, '柏乡', 'town'),
(90905, 909, '隆尧', 'town'),
(90906, 909, '南和', 'town'),
(90907, 909, '宁晋', 'town'),
(90908, 909, '巨鹿', 'town'),
(90909, 909, '新河', 'town'),
(90910, 909, '广宗', 'town'),
(90911, 909, '平乡', 'town'),
(90912, 909, '威县', 'town'),
(90913, 909, '清河', 'town'),
(90914, 909, '临西', 'town'),
(90915, 909, '南宫', 'town'),
(90916, 909, '沙河', 'town'),
(90917, 909, '任县', 'town'),
(910, 9, '邯郸', 'city'),
(91001, 910, '邯郸', 'town'),
(91002, 910, '峰峰', 'town'),
(91003, 910, '临漳', 'town'),
(91004, 910, '成安', 'town'),
(91005, 910, '大名', 'town'),
(91006, 910, '涉县', 'town'),
(91007, 910, '磁县', 'town'),
(91008, 910, '肥乡', 'town'),
(91009, 910, '永年', 'town'),
(91010, 910, '邱县', 'town'),
(91011, 910, '鸡泽', 'town'),
(91012, 910, '广平', 'town'),
(91013, 910, '馆陶', 'town'),
(91014, 910, '魏县', 'town'),
(91015, 910, '曲周', 'town'),
(91016, 910, '武安', 'town'),
(911, 9, '秦皇岛', 'city'),
(91101, 911, '秦皇岛', 'town'),
(91102, 911, '青龙', 'town'),
(91103, 911, '昌黎', 'town'),
(91104, 911, '抚宁', 'town'),
(91105, 911, '卢龙', 'town'),
(91106, 911, '北戴河', 'town'),
(10, 0, '山西', 'province'),
(1001, 10, '太原', 'city'),
(100101, 1001, '太原', 'town'),
(100102, 1001, '清徐', 'town'),
(100103, 1001, '阳曲', 'town'),
(100104, 1001, '娄烦', 'town'),
(100105, 1001, '古交', 'town'),
(100106, 1001, '尖草坪区', 'town'),
(100107, 1001, '小店区', 'town'),
(1002, 10, '大同', 'city'),
(100201, 1002, '大同', 'town'),
(100202, 1002, '阳高', 'town'),
(100203, 1002, '大同县', 'town'),
(100204, 1002, '天镇', 'town'),
(100205, 1002, '广灵', 'town'),
(100206, 1002, '灵丘', 'town'),
(100207, 1002, '浑源', 'town'),
(100208, 1002, '左云', 'town'),
(1003, 10, '阳泉', 'city'),
(100301, 1003, '阳泉', 'town'),
(100302, 1003, '盂县', 'town'),
(100303, 1003, '平定', 'town'),
(1004, 10, '晋中', 'city'),
(100401, 1004, '晋中', 'town'),
(100402, 1004, '榆次', 'town'),
(100403, 1004, '榆社', 'town'),
(100404, 1004, '左权', 'town'),
(100405, 1004, '和顺', 'town'),
(100406, 1004, '昔阳', 'town'),
(100407, 1004, '寿阳', 'town'),
(100408, 1004, '太谷', 'town'),
(100409, 1004, '祁县', 'town'),
(100410, 1004, '平遥', 'town'),
(100411, 1004, '灵石', 'town'),
(100412, 1004, '介休', 'town'),
(1005, 10, '长治', 'city'),
(100501, 1005, '长治', 'town'),
(100502, 1005, '黎城', 'town'),
(100503, 1005, '屯留', 'town'),
(100504, 1005, '潞城', 'town'),
(100505, 1005, '襄垣', 'town'),
(100506, 1005, '平顺', 'town'),
(100507, 1005, '武乡', 'town'),
(100508, 1005, '沁县', 'town'),
(100509, 1005, '长子', 'town'),
(100510, 1005, '沁源', 'town'),
(100511, 1005, '壶关', 'town'),
(1006, 10, '晋城', 'city'),
(100601, 1006, '晋城', 'town'),
(100602, 1006, '沁水', 'town'),
(100603, 1006, '阳城', 'town'),
(100604, 1006, '陵川', 'town'),
(100605, 1006, '高平', 'town'),
(100606, 1006, '泽州', 'town'),
(1007, 10, '临汾', 'city'),
(100701, 1007, '临汾', 'town'),
(100702, 1007, '曲沃', 'town'),
(100703, 1007, '永和', 'town'),
(100704, 1007, '隰县', 'town'),
(100705, 1007, '大宁', 'town'),
(100706, 1007, '吉县', 'town'),
(100707, 1007, '襄汾', 'town'),
(100708, 1007, '蒲县', 'town'),
(100709, 1007, '汾西', 'town'),
(100710, 1007, '洪洞', 'town'),
(100711, 1007, '霍州', 'town'),
(100712, 1007, '乡宁', 'town'),
(100713, 1007, '翼城', 'town'),
(100714, 1007, '侯马', 'town'),
(100715, 1007, '浮山', 'town'),
(100716, 1007, '安泽', 'town'),
(100717, 1007, '古县', 'town'),
(1008, 10, '运城', 'city'),
(100801, 1008, '运城', 'town'),
(100802, 1008, '临猗', 'town'),
(100803, 1008, '稷山', 'town'),
(100804, 1008, '万荣', 'town'),
(100805, 1008, '河津', 'town'),
(100806, 1008, '新绛', 'town'),
(100807, 1008, '绛县', 'town'),
(100808, 1008, '闻喜', 'town'),
(100809, 1008, '垣曲', 'town'),
(100810, 1008, '永济', 'town'),
(100811, 1008, '芮城', 'town'),
(100812, 1008, '夏县', 'town'),
(100813, 1008, '平陆', 'town'),
(1009, 10, '朔州', 'city'),
(100901, 1009, '朔州', 'town'),
(100902, 1009, '平鲁', 'town'),
(100903, 1009, '山阴', 'town'),
(100904, 1009, '右玉', 'town'),
(100905, 1009, '应县', 'town'),
(100906, 1009, '怀仁', 'town'),
(1010, 10, '忻州', 'city'),
(101001, 1010, '忻州', 'town'),
(101002, 1010, '定襄', 'town'),
(101003, 1010, '五台县', 'town'),
(101004, 1010, '河曲', 'town'),
(101005, 1010, '偏关', 'town'),
(101006, 1010, '神池', 'town'),
(101007, 1010, '宁武', 'town'),
(101008, 1010, '代县', 'town'),
(101009, 1010, '繁峙', 'town'),
(101010, 1010, '五台山', 'town'),
(101011, 1010, '保德', 'town'),
(101012, 1010, '静乐', 'town'),
(101013, 1010, '岢岚', 'town'),
(101014, 1010, '五寨', 'town'),
(101015, 1010, '原平', 'town'),
(1011, 10, '吕梁', 'city'),
(101101, 1011, '吕梁', 'town'),
(101102, 1011, '离石', 'town'),
(101103, 1011, '临县', 'town'),
(101104, 1011, '兴县', 'town'),
(101105, 1011, '岚县', 'town'),
(101106, 1011, '柳林', 'town'),
(101107, 1011, '石楼', 'town'),
(101108, 1011, '方山', 'town'),
(101109, 1011, '交口', 'town'),
(101110, 1011, '中阳', 'town'),
(101111, 1011, '孝义', 'town'),
(101112, 1011, '汾阳', 'town'),
(101113, 1011, '文水', 'town'),
(101114, 1011, '交城', 'town'),
(11, 0, '陕西', 'province'),
(1101, 11, '西安', 'city'),
(110101, 1101, '西安', 'town'),
(110102, 1101, '长安', 'town'),
(110103, 1101, '临潼', 'town'),
(110104, 1101, '蓝田', 'town'),
(110105, 1101, '周至', 'town'),
(110106, 1101, '户县', 'town'),
(110107, 1101, '高陵', 'town'),
(1102, 11, '咸阳', 'city'),
(110201, 1102, '咸阳', 'town'),
(110202, 1102, '三原', 'town'),
(110203, 1102, '礼泉', 'town'),
(110204, 1102, '永寿', 'town'),
(110205, 1102, '淳化', 'town'),
(110206, 1102, '泾阳', 'town'),
(110207, 1102, '武功', 'town'),
(110208, 1102, '乾县', 'town'),
(110209, 1102, '彬县', 'town'),
(110210, 1102, '长武', 'town'),
(110211, 1102, '旬邑', 'town'),
(110212, 1102, '兴平', 'town'),
(1103, 11, '延安', 'city'),
(110301, 1103, '延安', 'town'),
(110302, 1103, '延长', 'town'),
(110303, 1103, '延川', 'town'),
(110304, 1103, '子长', 'town'),
(110305, 1103, '宜川', 'town'),
(110306, 1103, '富县', 'town'),
(110307, 1103, '志丹', 'town'),
(110308, 1103, '安塞', 'town'),
(110309, 1103, '甘泉', 'town'),
(110310, 1103, '洛川', 'town'),
(110311, 1103, '黄陵', 'town'),
(110312, 1103, '黄龙', 'town'),
(110313, 1103, '吴起', 'town'),
(1104, 11, '榆林', 'city'),
(110401, 1104, '榆林', 'town'),
(110402, 1104, '府谷', 'town'),
(110403, 1104, '神木', 'town'),
(110404, 1104, '佳县', 'town'),
(110405, 1104, '定边', 'town'),
(110406, 1104, '靖边', 'town'),
(110407, 1104, '横山', 'town'),
(110408, 1104, '米脂', 'town'),
(110409, 1104, '子洲', 'town'),
(110410, 1104, '绥德', 'town'),
(110411, 1104, '吴堡', 'town'),
(110412, 1104, '清涧', 'town'),
(110413, 1104, '榆阳', 'town'),
(1105, 11, '渭南', 'city'),
(110501, 1105, '渭南', 'town'),
(110502, 1105, '华县', 'town'),
(110503, 1105, '潼关', 'town'),
(110504, 1105, '大荔', 'town'),
(110505, 1105, '白水', 'town'),
(110506, 1105, '富平', 'town'),
(110507, 1105, '蒲城', 'town'),
(110508, 1105, '澄城', 'town'),
(110509, 1105, '合阳', 'town'),
(110510, 1105, '韩城', 'town'),
(110511, 1105, '华阴', 'town'),
(1106, 11, '商洛', 'city'),
(110601, 1106, '商洛', 'town'),
(110602, 1106, '洛南', 'town'),
(110603, 1106, '柞水', 'town'),
(110604, 1106, '商州', 'town'),
(110605, 1106, '镇安', 'town'),
(110606, 1106, '丹凤', 'town'),
(110607, 1106, '商南', 'town'),
(110608, 1106, '山阳', 'town'),
(1107, 11, '安康', 'city'),
(110701, 1107, '安康', 'town'),
(110702, 1107, '紫阳', 'town'),
(110703, 1107, '石泉', 'town'),
(110704, 1107, '汉阴', 'town'),
(110705, 1107, '旬阳', 'town'),
(110706, 1107, '岚皋', 'town'),
(110707, 1107, '平利', 'town'),
(110708, 1107, '白河', 'town'),
(110709, 1107, '镇坪', 'town'),
(110710, 1107, '宁陕', 'town'),
(1108, 11, '汉中', 'city'),
(110801, 1108, '汉中', 'town'),
(110802, 1108, '略阳', 'town'),
(110803, 1108, '勉县', 'town'),
(110804, 1108, '留坝', 'town'),
(110805, 1108, '洋县', 'town'),
(110806, 1108, '城固', 'town'),
(110807, 1108, '西乡', 'town'),
(110808, 1108, '佛坪', 'town'),
(110809, 1108, '宁强', 'town'),
(110810, 1108, '南郑', 'town'),
(110811, 1108, '镇巴', 'town'),
(1109, 11, '宝鸡', 'city'),
(110901, 1109, '宝鸡', 'town'),
(110902, 1109, '千阳', 'town'),
(110903, 1109, '麟游', 'town'),
(110904, 1109, '岐山', 'town'),
(110905, 1109, '凤翔', 'town'),
(110906, 1109, '扶风', 'town'),
(110907, 1109, '眉县', 'town'),
(110908, 1109, '太白', 'town'),
(110909, 1109, '凤县', 'town'),
(110910, 1109, '陇县', 'town'),
(110911, 1109, '陈仓', 'town'),
(1110, 11, '铜川', 'city'),
(111001, 1110, '铜川', 'town'),
(111002, 1110, '耀县', 'town'),
(111003, 1110, '宜君', 'town'),
(111004, 1110, '耀州', 'town'),
(1111, 11, '杨凌', 'city'),
(111101, 1111, '杨凌', 'town'),
(12, 0, '山东', 'province'),
(1201, 12, '济南', 'city'),
(120101, 1201, '济南', 'town'),
(120102, 1201, '长清', 'town'),
(120103, 1201, '商河', 'town'),
(120104, 1201, '章丘', 'town'),
(120105, 1201, '平阴', 'town'),
(120106, 1201, '济阳', 'town'),
(1202, 12, '青岛', 'city'),
(120201, 1202, '青岛', 'town'),
(120202, 1202, '崂山', 'town'),
(120203, 1202, '即墨', 'town'),
(120204, 1202, '胶州', 'town'),
(120205, 1202, '胶南', 'town'),
(120206, 1202, '莱西', 'town'),
(120207, 1202, '平度', 'town'),
(1203, 12, '淄博', 'city'),
(120301, 1203, '淄博', 'town'),
(120302, 1203, '淄川', 'town'),
(120303, 1203, '博山', 'town'),
(120304, 1203, '高青', 'town'),
(120305, 1203, '周村', 'town'),
(120306, 1203, '沂源', 'town'),
(120307, 1203, '桓台', 'town'),
(120308, 1203, '临淄', 'town'),
(1204, 12, '德州', 'city'),
(120401, 1204, '德州', 'town'),
(120402, 1204, '武城', 'town'),
(120403, 1204, '临邑', 'town'),
(120404, 1204, '陵县', 'town'),
(120405, 1204, '齐河', 'town'),
(120406, 1204, '乐陵', 'town'),
(120407, 1204, '庆云', 'town'),
(120408, 1204, '平原', 'town'),
(120409, 1204, '宁津', 'town'),
(120410, 1204, '夏津', 'town'),
(120411, 1204, '禹城', 'town'),
(1205, 12, '烟台', 'city'),
(120501, 1205, '烟台', 'town'),
(120502, 1205, '莱州', 'town'),
(120503, 1205, '长岛', 'town'),
(120504, 1205, '蓬莱', 'town'),
(120505, 1205, '龙口', 'town'),
(120506, 1205, '招远', 'town'),
(120507, 1205, '栖霞', 'town'),
(120508, 1205, '福山', 'town'),
(120509, 1205, '牟平', 'town'),
(120510, 1205, '莱阳', 'town'),
(120511, 1205, '海阳', 'town'),
(1206, 12, '潍坊', 'city'),
(120601, 1206, '潍坊', 'town'),
(120602, 1206, '青州', 'town'),
(120603, 1206, '寿光', 'town'),
(120604, 1206, '临朐', 'town'),
(120605, 1206, '昌乐', 'town'),
(120606, 1206, '昌邑', 'town'),
(120607, 1206, '安丘', 'town'),
(120608, 1206, '高密', 'town'),
(120609, 1206, '诸城', 'town'),
(1207, 12, '济宁', 'city'),
(120701, 1207, '济宁', 'town'),
(120702, 1207, '嘉祥', 'town'),
(120703, 1207, '微山', 'town'),
(120704, 1207, '鱼台', 'town'),
(120705, 1207, '兖州', 'town'),
(120706, 1207, '金乡', 'town'),
(120707, 1207, '汶上', 'town'),
(120708, 1207, '泗水', 'town'),
(120709, 1207, '梁山', 'town'),
(120710, 1207, '曲阜', 'town'),
(120711, 1207, '邹城', 'town'),
(1208, 12, '泰安', 'city'),
(120801, 1208, '泰安', 'town'),
(120802, 1208, '新泰', 'town'),
(120803, 1208, '肥城', 'town'),
(120804, 1208, '东平', 'town'),
(120805, 1208, '宁阳', 'town'),
(1209, 12, '临沂', 'city'),
(120901, 1209, '临沂', 'town'),
(120902, 1209, '莒南', 'town'),
(120903, 1209, '沂南', 'town'),
(120904, 1209, '苍山', 'town'),
(120905, 1209, '临沭', 'town'),
(120906, 1209, '郯城', 'town'),
(120907, 1209, '蒙阴', 'town'),
(120908, 1209, '平邑', 'town'),
(120909, 1209, '费县', 'town'),
(120910, 1209, '沂水', 'town'),
(1210, 12, '菏泽', 'city'),
(121001, 1210, '菏泽', 'town'),
(121002, 1210, '鄄城', 'town'),
(121003, 1210, '郓城', 'town'),
(121004, 1210, '东明', 'town'),
(121005, 1210, '定陶', 'town'),
(121006, 1210, '巨野', 'town'),
(121007, 1210, '曹县', 'town'),
(121008, 1210, '成武', 'town'),
(121009, 1210, '单县', 'town'),
(1211, 12, '滨州', 'city'),
(121101, 1211, '滨州', 'town'),
(121102, 1211, '博兴', 'town'),
(121103, 1211, '无棣', 'town'),
(121104, 1211, '阳信', 'town'),
(121105, 1211, '惠民', 'town'),
(121106, 1211, '沾化', 'town'),
(121107, 1211, '邹平', 'town'),
(1212, 12, '东营', 'city'),
(121201, 1212, '东营', 'town'),
(121202, 1212, '河口', 'town'),
(121203, 1212, '垦利', 'town'),
(121204, 1212, '利津', 'town'),
(121205, 1212, '广饶', 'town'),
(1213, 12, '威海', 'city'),
(121301, 1213, '威海', 'town'),
(121302, 1213, '文登', 'town'),
(121303, 1213, '荣成', 'town'),
(121304, 1213, '乳山', 'town'),
(121305, 1213, '成山头', 'town'),
(121306, 1213, '石岛', 'town'),
(1214, 12, '枣庄', 'city'),
(121401, 1214, '枣庄', 'town'),
(121402, 1214, '薛城', 'town'),
(121403, 1214, '峄城', 'town'),
(121404, 1214, '台儿庄', 'town'),
(121405, 1214, '滕州', 'town'),
(1215, 12, '日照', 'city'),
(121501, 1215, '日照', 'town'),
(121502, 1215, '五莲', 'town'),
(121503, 1215, '莒县', 'town'),
(1216, 12, '莱芜', 'city'),
(121601, 1216, '莱芜', 'town'),
(1217, 12, '聊城', 'city'),
(121701, 1217, '聊城', 'town'),
(121702, 1217, '冠县', 'town'),
(121703, 1217, '阳谷', 'town'),
(121704, 1217, '高唐', 'town'),
(121705, 1217, '茌平', 'town'),
(121706, 1217, '东阿', 'town'),
(121707, 1217, '临清', 'town'),
(121708, 1217, '莘县', 'town'),
(13, 0, '新疆', 'province'),
(1301, 13, '乌鲁木齐', 'city'),
(130101, 1301, '乌鲁木齐', 'town'),
(130102, 1301, '小渠子', 'town'),
(130103, 1301, '达坂城', 'town'),
(130104, 1301, '乌鲁木齐牧试站', 'town'),
(130105, 1301, '天池', 'town'),
(130106, 1301, '白杨沟', 'town'),
(1302, 13, '克拉玛依', 'city'),
(130201, 1302, '克拉玛依', 'town'),
(130202, 1302, '乌尔禾', 'town'),
(130203, 1302, '白碱滩', 'town'),
(1303, 13, '石河子', 'city'),
(130301, 1303, '石河子', 'town'),
(130302, 1303, '炮台', 'town'),
(130303, 1303, '莫索湾', 'town'),
(1304, 13, '昌吉', 'city'),
(130401, 1304, '昌吉', 'town'),
(130402, 1304, '呼图壁', 'town'),
(130403, 1304, '米泉', 'town'),
(130404, 1304, '阜康', 'town'),
(130405, 1304, '吉木萨尔', 'town'),
(130406, 1304, '奇台', 'town'),
(130407, 1304, '玛纳斯', 'town'),
(130408, 1304, '木垒', 'town'),
(130409, 1304, '蔡家湖', 'town'),
(1305, 13, '吐鲁番', 'city'),
(130501, 1305, '吐鲁番', 'town'),
(130502, 1305, '托克逊', 'town'),
(130503, 1305, '鄯善', 'town'),
(1306, 13, '巴音郭楞', 'city'),
(130601, 1306, '库尔勒', 'town'),
(130602, 1306, '轮台', 'town'),
(130603, 1306, '尉犁', 'town'),
(130604, 1306, '若羌', 'town'),
(130605, 1306, '且末', 'town'),
(130606, 1306, '和静', 'town'),
(130607, 1306, '焉耆', 'town'),
(130608, 1306, '和硕', 'town'),
(130609, 1306, '巴音布鲁克', 'town'),
(130610, 1306, '铁干里克', 'town'),
(130611, 1306, '博湖', 'town'),
(130612, 1306, '塔中', 'town'),
(130613, 1306, '巴仑台', 'town'),
(1307, 13, '阿拉尔', 'city'),
(130701, 1307, '阿拉尔', 'town'),
(1308, 13, '阿克苏', 'city'),
(130801, 1308, '阿克苏', 'town'),
(130802, 1308, '乌什', 'town'),
(130803, 1308, '温宿', 'town'),
(130804, 1308, '拜城', 'town'),
(130805, 1308, '新和', 'town'),
(130806, 1308, '沙雅', 'town'),
(130807, 1308, '库车', 'town'),
(130808, 1308, '柯坪', 'town'),
(130809, 1308, '阿瓦提', 'town'),
(1309, 13, '喀什', 'city'),
(130901, 1309, '喀什', 'town'),
(130902, 1309, '英吉沙', 'town'),
(130903, 1309, '塔什库尔干', 'town'),
(130904, 1309, '麦盖提', 'town'),
(130905, 1309, '莎车', 'town'),
(130906, 1309, '叶城', 'town'),
(130907, 1309, '泽普', 'town'),
(130908, 1309, '巴楚', 'town'),
(130909, 1309, '岳普湖', 'town'),
(130910, 1309, '伽师', 'town'),
(130911, 1309, '疏附', 'town'),
(130912, 1309, '疏勒', 'town'),
(1310, 13, '伊犁', 'city'),
(131001, 1310, '伊宁', 'town'),
(131002, 1310, '察布查尔', 'town'),
(131003, 1310, '尼勒克', 'town'),
(131004, 1310, '伊宁县', 'town'),
(131005, 1310, '巩留', 'town'),
(131006, 1310, '新源', 'town'),
(131007, 1310, '昭苏', 'town'),
(131008, 1310, '特克斯', 'town'),
(131009, 1310, '霍城', 'town'),
(131010, 1310, '霍尔果斯', 'town'),
(131011, 1310, '奎屯', 'town'),
(1311, 13, '塔城', 'city'),
(131101, 1311, '塔城', 'town'),
(131102, 1311, '裕民', 'town'),
(131103, 1311, '额敏', 'town'),
(131104, 1311, '和布克赛尔', 'town'),
(131105, 1311, '托里', 'town'),
(131106, 1311, '乌苏', 'town'),
(131107, 1311, '沙湾', 'town'),
(1312, 13, '哈密', 'city'),
(131201, 1312, '哈密', 'town'),
(131202, 1312, '巴里坤', 'town'),
(131203, 1312, '伊吾', 'town'),
(1313, 13, '和田', 'city'),
(131301, 1313, '和田', 'town'),
(131302, 1313, '皮山', 'town'),
(131303, 1313, '策勒', 'town'),
(131304, 1313, '墨玉', 'town'),
(131305, 1313, '洛浦', 'town'),
(131306, 1313, '民丰', 'town'),
(131307, 1313, '于田', 'town'),
(1314, 13, '阿勒泰', 'city'),
(131401, 1314, '阿勒泰', 'town'),
(131402, 1314, '哈巴河', 'town'),
(131403, 1314, '吉木乃', 'town'),
(131404, 1314, '布尔津', 'town'),
(131405, 1314, '福海', 'town'),
(131406, 1314, '富蕴', 'town'),
(131407, 1314, '青河', 'town'),
(1315, 13, '克州', 'city'),
(131501, 1315, '阿图什', 'town'),
(131502, 1315, '乌恰', 'town'),
(131503, 1315, '阿克陶', 'town'),
(131504, 1315, '阿合奇', 'town'),
(1316, 13, '博尔塔拉', 'city'),
(131601, 1316, '博乐', 'town'),
(131602, 1316, '温泉', 'town'),
(131603, 1316, '精河', 'town'),
(131604, 1316, '阿拉山口', 'town'),
(14, 0, '西藏', 'province'),
(1401, 14, '拉萨', 'city'),
(140101, 1401, '拉萨', 'town'),
(140102, 1401, '当雄', 'town'),
(140103, 1401, '尼木', 'town'),
(140104, 1401, '林周', 'town'),
(140105, 1401, '堆龙德庆', 'town'),
(140106, 1401, '曲水', 'town'),
(140107, 1401, '达孜', 'town'),
(140108, 1401, '墨竹工卡', 'town'),
(1402, 14, '日喀则', 'city'),
(140201, 1402, '日喀则', 'town'),
(140202, 1402, '拉孜', 'town'),
(140203, 1402, '南木林', 'town'),
(140204, 1402, '聂拉木', 'town'),
(140205, 1402, '定日', 'town'),
(140206, 1402, '江孜', 'town'),
(140207, 1402, '帕里', 'town'),
(140208, 1402, '仲巴', 'town'),
(140209, 1402, '萨嘎', 'town'),
(140210, 1402, '吉隆', 'town'),
(140211, 1402, '昂仁', 'town'),
(140212, 1402, '定结', 'town'),
(140213, 1402, '萨迦', 'town'),
(140214, 1402, '谢通门', 'town'),
(140215, 1402, '岗巴', 'town'),
(140216, 1402, '白朗', 'town'),
(140217, 1402, '亚东', 'town'),
(140218, 1402, '康马', 'town'),
(140219, 1402, '仁布', 'town'),
(1403, 14, '山南', 'city'),
(140301, 1403, '山南', 'town'),
(140302, 1403, '贡嘎', 'town'),
(140303, 1403, '扎囊', 'town'),
(140304, 1403, '加查', 'town'),
(140305, 1403, '浪卡子', 'town'),
(140306, 1403, '错那', 'town'),
(140307, 1403, '隆子', 'town'),
(140308, 1403, '泽当', 'town'),
(140309, 1403, '乃东', 'town'),
(140310, 1403, '桑日', 'town'),
(140311, 1403, '洛扎', 'town'),
(140312, 1403, '措美', 'town'),
(140313, 1403, '琼结', 'town'),
(140314, 1403, '曲松', 'town'),
(1404, 14, '林芝', 'city'),
(140401, 1404, '林芝', 'town'),
(140402, 1404, '波密', 'town'),
(140403, 1404, '米林', 'town'),
(140404, 1404, '察隅', 'town'),
(140405, 1404, '工布江达', 'town'),
(140406, 1404, '朗县', 'town'),
(140407, 1404, '墨脱', 'town'),
(1405, 14, '昌都', 'city'),
(140501, 1405, '昌都', 'town'),
(140502, 1405, '丁青', 'town'),
(140503, 1405, '边坝', 'town'),
(140504, 1405, '洛隆', 'town'),
(140505, 1405, '左贡', 'town'),
(140506, 1405, '芒康', 'town'),
(140507, 1405, '类乌齐', 'town'),
(140508, 1405, '八宿', 'town'),
(140509, 1405, '江达', 'town'),
(140510, 1405, '察雅', 'town'),
(140511, 1405, '贡觉', 'town'),
(1406, 14, '那曲', 'city'),
(140601, 1406, '那曲', 'town'),
(140602, 1406, '尼玛', 'town'),
(140603, 1406, '嘉黎', 'town'),
(140604, 1406, '班戈', 'town'),
(140605, 1406, '安多', 'town'),
(140606, 1406, '索县', 'town'),
(140607, 1406, '聂荣', 'town'),
(140608, 1406, '巴青', 'town'),
(140609, 1406, '比如', 'town'),
(140610, 1406, '双湖', 'town'),
(1407, 14, '阿里', 'city'),
(140701, 1407, '阿里', 'town'),
(140702, 1407, '改则', 'town'),
(140703, 1407, '申扎', 'town'),
(140704, 1407, '狮泉河', 'town'),
(140705, 1407, '普兰', 'town'),
(140706, 1407, '札达', 'town'),
(140707, 1407, '噶尔', 'town'),
(140708, 1407, '日土', 'town'),
(140709, 1407, '革吉', 'town'),
(140710, 1407, '措勤', 'town'),
(15, 0, '青海', 'province'),
(1501, 15, '西宁', 'city'),
(150101, 1501, '西宁', 'town'),
(150102, 1501, '大通', 'town'),
(150103, 1501, '湟源', 'town'),
(150104, 1501, '湟中', 'town'),
(1502, 15, '海东', 'city'),
(150201, 1502, '海东', 'town'),
(150202, 1502, '乐都', 'town'),
(150203, 1502, '民和', 'town'),
(150204, 1502, '互助', 'town'),
(150205, 1502, '化隆', 'town'),
(150206, 1502, '循化', 'town'),
(150207, 1502, '冷湖', 'town'),
(150208, 1502, '平安', 'town'),
(1503, 15, '黄南', 'city'),
(150301, 1503, '黄南', 'town'),
(150302, 1503, '尖扎', 'town'),
(150303, 1503, '泽库', 'town'),
(150304, 1503, '河南', 'town'),
(150305, 1503, '同仁', 'town'),
(1504, 15, '海南', 'city'),
(150401, 1504, '海南', 'town'),
(150402, 1504, '贵德', 'town'),
(150403, 1504, '兴海', 'town'),
(150404, 1504, '贵南', 'town'),
(150405, 1504, '同德', 'town'),
(150406, 1504, '共和', 'town'),
(1505, 15, '果洛', 'city'),
(150501, 1505, '果洛', 'town'),
(150502, 1505, '班玛', 'town'),
(150503, 1505, '甘德', 'town'),
(150504, 1505, '达日', 'town'),
(150505, 1505, '久治', 'town'),
(150506, 1505, '玛多', 'town'),
(150507, 1505, '多县', 'town'),
(150508, 1505, '玛沁', 'town'),
(1506, 15, '玉树', 'city'),
(150601, 1506, '玉树', 'town'),
(150602, 1506, '称多', 'town'),
(150603, 1506, '治多', 'town'),
(150604, 1506, '杂多', 'town'),
(150605, 1506, '囊谦', 'town'),
(150606, 1506, '曲麻莱', 'town'),
(1507, 15, '海西', 'city'),
(150701, 1507, '海西', 'town'),
(150702, 1507, '天峻', 'town'),
(150703, 1507, '乌兰', 'town'),
(150704, 1507, '茫崖', 'town'),
(150705, 1507, '大柴旦', 'town'),
(150706, 1507, '德令哈', 'town'),
(1508, 15, '海北', 'city'),
(150801, 1508, '海北', 'town'),
(150802, 1508, '门源', 'town'),
(150803, 1508, '祁连', 'town'),
(150804, 1508, '海晏', 'town'),
(150805, 1508, '刚察', 'town'),
(1509, 15, '格尔木', 'city'),
(150901, 1509, '格尔木', 'town'),
(150902, 1509, '都兰', 'town'),
(16, 0, '甘肃', 'province'),
(1601, 16, '兰州', 'city'),
(160101, 1601, '兰州', 'town'),
(160102, 1601, '皋兰', 'town'),
(160103, 1601, '永登', 'town'),
(160104, 1601, '榆中', 'town'),
(1602, 16, '定西', 'city'),
(160201, 1602, '定西', 'town'),
(160202, 1602, '通渭', 'town'),
(160203, 1602, '陇西', 'town'),
(160204, 1602, '渭源', 'town'),
(160205, 1602, '临洮', 'town'),
(160206, 1602, '漳县', 'town'),
(160207, 1602, '岷县', 'town'),
(160208, 1602, '安定', 'town'),
(1603, 16, '平凉', 'city'),
(160301, 1603, '平凉', 'town'),
(160302, 1603, '泾川', 'town'),
(160303, 1603, '灵台', 'town'),
(160304, 1603, '崇信', 'town'),
(160305, 1603, '华亭', 'town'),
(160306, 1603, '庄浪', 'town'),
(160307, 1603, '静宁', 'town'),
(160308, 1603, '崆峒', 'town'),
(1604, 16, '庆阳', 'city'),
(160401, 1604, '西峰', 'town'),
(160402, 1604, '环县', 'town'),
(160403, 1604, '华池', 'town'),
(160404, 1604, '合水', 'town'),
(160405, 1604, '正宁', 'town'),
(160406, 1604, '宁县', 'town'),
(160407, 1604, '镇原', 'town'),
(160408, 1604, '庆城', 'town'),
(1605, 16, '武威', 'city'),
(160501, 1605, '武威', 'town'),
(160502, 1605, '民勤', 'town'),
(160503, 1605, '古浪', 'town'),
(160504, 1605, '天祝', 'town'),
(1606, 16, '金昌', 'city'),
(160601, 1606, '金昌', 'town'),
(160602, 1606, '永昌', 'town'),
(1607, 16, '张掖', 'city'),
(160701, 1607, '张掖', 'town'),
(160702, 1607, '肃南', 'town'),
(160703, 1607, '民乐', 'town'),
(160704, 1607, '临泽', 'town'),
(160705, 1607, '高台', 'town'),
(160706, 1607, '山丹', 'town'),
(1608, 16, '酒泉', 'city'),
(160801, 1608, '酒泉', 'town'),
(160802, 1608, '金塔', 'town'),
(160803, 1608, '阿克塞', 'town'),
(160804, 1608, '瓜州', 'town'),
(160805, 1608, '肃北', 'town'),
(160806, 1608, '玉门', 'town'),
(160807, 1608, '敦煌', 'town'),
(1609, 16, '天水', 'city'),
(160901, 1609, '天水', 'town'),
(160902, 1609, '清水', 'town'),
(160903, 1609, '秦安', 'town'),
(160904, 1609, '甘谷', 'town'),
(160905, 1609, '武山', 'town'),
(160906, 1609, '张家川', 'town'),
(160907, 1609, '麦积', 'town'),
(1610, 16, '陇南', 'city'),
(161001, 1610, '武都', 'town'),
(161002, 1610, '成县', 'town'),
(161003, 1610, '文县', 'town'),
(161004, 1610, '宕昌', 'town'),
(161005, 1610, '康县', 'town'),
(161006, 1610, '西和', 'town'),
(161007, 1610, '礼县', 'town'),
(161008, 1610, '徽县', 'town'),
(161009, 1610, '两当', 'town'),
(1611, 16, '临夏', 'city'),
(161101, 1611, '临夏', 'town'),
(161102, 1611, '康乐', 'town'),
(161103, 1611, '永靖', 'town'),
(161104, 1611, '广河', 'town'),
(161105, 1611, '和政', 'town'),
(161106, 1611, '东乡', 'town'),
(161107, 1611, '积石山', 'town'),
(1612, 16, '甘南', 'city'),
(161201, 1612, '合作', 'town'),
(161202, 1612, '临潭', 'town'),
(161203, 1612, '卓尼', 'town'),
(161204, 1612, '舟曲', 'town'),
(161205, 1612, '迭部', 'town'),
(161206, 1612, '玛曲', 'town'),
(161207, 1612, '碌曲', 'town'),
(161208, 1612, '夏河', 'town'),
(1613, 16, '白银', 'city'),
(161301, 1613, '白银', 'town'),
(161302, 1613, '靖远', 'town'),
(161303, 1613, '会宁', 'town'),
(161304, 1613, '平川', 'town'),
(161305, 1613, '景泰', 'town'),
(1614, 16, '嘉峪关', 'city'),
(161401, 1614, '嘉峪关', 'town'),
(17, 0, '宁夏', 'province'),
(1701, 17, '银川', 'city'),
(170101, 1701, '银川', 'town'),
(170102, 1701, '永宁', 'town'),
(170103, 1701, '灵武', 'town'),
(170104, 1701, '贺兰', 'town'),
(1702, 17, '石嘴山', 'city'),
(170201, 1702, '石嘴山', 'town'),
(170202, 1702, '惠农', 'town'),
(170203, 1702, '平罗', 'town'),
(170204, 1702, '陶乐', 'town'),
(1703, 17, '吴忠', 'city'),
(170301, 1703, '吴忠', 'town'),
(170302, 1703, '同心', 'town'),
(170303, 1703, '盐池', 'town'),
(170304, 1703, '青铜峡', 'town'),
(1704, 17, '固原', 'city'),
(170401, 1704, '固原', 'town'),
(170402, 1704, '西吉', 'town'),
(170403, 1704, '隆德', 'town'),
(170404, 1704, '泾源', 'town'),
(170405, 1704, '彭阳', 'town'),
(1705, 17, '中卫', 'city'),
(170501, 1705, '中卫', 'town'),
(170502, 1705, '中宁', 'town'),
(170503, 1705, '海原', 'town'),
(18, 0, '河南', 'province'),
(1801, 18, '郑州', 'city'),
(180101, 1801, '郑州', 'town'),
(180102, 1801, '巩义', 'town'),
(180103, 1801, '荥阳', 'town'),
(180104, 1801, '登封', 'town'),
(180105, 1801, '新密', 'town'),
(180106, 1801, '新郑', 'town'),
(180107, 1801, '中牟', 'town'),
(180108, 1801, '上街', 'town'),
(1802, 18, '安阳', 'city'),
(180201, 1802, '安阳', 'town'),
(180202, 1802, '汤阴', 'town'),
(180203, 1802, '滑县', 'town'),
(180204, 1802, '内黄', 'town'),
(180205, 1802, '林州', 'town'),
(1803, 18, '新乡', 'city'),
(180301, 1803, '新乡', 'town'),
(180302, 1803, '获嘉', 'town'),
(180303, 1803, '原阳', 'town'),
(180304, 1803, '辉县', 'town'),
(180305, 1803, '卫辉', 'town'),
(180306, 1803, '延津', 'town'),
(180307, 1803, '封丘', 'town'),
(180308, 1803, '长垣', 'town'),
(1804, 18, '许昌', 'city'),
(180401, 1804, '许昌', 'town'),
(180402, 1804, '鄢陵', 'town'),
(180403, 1804, '襄城', 'town'),
(180404, 1804, '长葛', 'town'),
(180405, 1804, '禹州', 'town'),
(1805, 18, '平顶山', 'city'),
(180501, 1805, '平顶山', 'town'),
(180502, 1805, '郏县', 'town'),
(180503, 1805, '宝丰', 'town'),
(180504, 1805, '汝州', 'town'),
(180505, 1805, '叶县', 'town'),
(180506, 1805, '舞钢', 'town'),
(180507, 1805, '鲁山', 'town'),
(180508, 1805, '石龙', 'town'),
(1806, 18, '信阳', 'city'),
(180601, 1806, '信阳', 'town'),
(180602, 1806, '息县', 'town'),
(180603, 1806, '罗山', 'town'),
(180604, 1806, '光山', 'town'),
(180605, 1806, '新县', 'town'),
(180606, 1806, '淮滨', 'town'),
(180607, 1806, '潢川', 'town'),
(180608, 1806, '固始', 'town'),
(180609, 1806, '商城', 'town'),
(1807, 18, '南阳', 'city'),
(180701, 1807, '南阳', 'town'),
(180702, 1807, '南召', 'town'),
(180703, 1807, '方城', 'town'),
(180704, 1807, '社旗', 'town'),
(180705, 1807, '西峡', 'town'),
(180706, 1807, '内乡', 'town'),
(180707, 1807, '镇平', 'town'),
(180708, 1807, '淅川', 'town'),
(180709, 1807, '新野', 'town'),
(180710, 1807, '唐河', 'town'),
(180711, 1807, '邓州', 'town'),
(180712, 1807, '桐柏', 'town'),
(1808, 18, '开封', 'city'),
(180801, 1808, '开封', 'town'),
(180802, 1808, '杞县', 'town'),
(180803, 1808, '尉氏', 'town'),
(180804, 1808, '通许', 'town'),
(180805, 1808, '兰考', 'town'),
(1809, 18, '洛阳', 'city'),
(180901, 1809, '洛阳', 'town'),
(180902, 1809, '新安', 'town'),
(180903, 1809, '孟津', 'town'),
(180904, 1809, '宜阳', 'town'),
(180905, 1809, '洛宁', 'town'),
(180906, 1809, '伊川', 'town'),
(180907, 1809, '嵩县', 'town'),
(180908, 1809, '偃师', 'town'),
(180909, 1809, '栾川', 'town'),
(180910, 1809, '汝阳', 'town'),
(180911, 1809, '吉利', 'town'),
(1810, 18, '商丘', 'city'),
(181001, 1810, '商丘', 'town'),
(181002, 1810, '睢县', 'town'),
(181003, 1810, '民权', 'town'),
(181004, 1810, '虞城', 'town'),
(181005, 1810, '柘城', 'town'),
(181006, 1810, '宁陵', 'town'),
(181007, 1810, '夏邑', 'town'),
(181008, 1810, '永城', 'town'),
(1811, 18, '焦作', 'city'),
(181101, 1811, '焦作', 'town'),
(181102, 1811, '修武', 'town'),
(181103, 1811, '武陟', 'town'),
(181104, 1811, '沁阳', 'town'),
(181105, 1811, '博爱', 'town'),
(181106, 1811, '温县', 'town'),
(181107, 1811, '孟州', 'town'),
(1812, 18, '鹤壁', 'city'),
(181201, 1812, '鹤壁', 'town'),
(181202, 1812, '浚县', 'town'),
(181203, 1812, '淇县', 'town'),
(1813, 18, '濮阳', 'city'),
(181301, 1813, '濮阳', 'town'),
(181302, 1813, '台前', 'town'),
(181303, 1813, '南乐', 'town'),
(181304, 1813, '清丰', 'town'),
(181305, 1813, '范县', 'town'),
(1814, 18, '周口', 'city'),
(181401, 1814, '周口', 'town'),
(181402, 1814, '扶沟', 'town'),
(181403, 1814, '太康', 'town'),
(181404, 1814, '淮阳', 'town'),
(181405, 1814, '西华', 'town'),
(181406, 1814, '商水', 'town'),
(181407, 1814, '项城', 'town'),
(181408, 1814, '郸城', 'town'),
(181409, 1814, '鹿邑', 'town'),
(181410, 1814, '沈丘', 'town'),
(1815, 18, '漯河', 'city'),
(181501, 1815, '漯河', 'town'),
(181502, 1815, '临颍', 'town'),
(181503, 1815, '舞阳', 'town'),
(1816, 18, '驻马店', 'city'),
(181601, 1816, '驻马店', 'town'),
(181602, 1816, '西平', 'town'),
(181603, 1816, '遂平', 'town'),
(181604, 1816, '上蔡', 'town'),
(181605, 1816, '汝南', 'town'),
(181606, 1816, '泌阳', 'town'),
(181607, 1816, '平舆', 'town'),
(181608, 1816, '新蔡', 'town'),
(181609, 1816, '确山', 'town'),
(181610, 1816, '正阳', 'town'),
(1817, 18, '三门峡', 'city'),
(181701, 1817, '三门峡', 'town'),
(181702, 1817, '灵宝', 'town'),
(181703, 1817, '渑池', 'town'),
(181704, 1817, '卢氏', 'town'),
(181705, 1817, '义马', 'town'),
(181706, 1817, '陕县', 'town'),
(1818, 18, '济源', 'city'),
(181801, 1818, '济源', 'town'),
(19, 0, '江苏', 'province'),
(1901, 19, '南京', 'city'),
(190101, 1901, '南京', 'town'),
(190102, 1901, '溧水', 'town'),
(190103, 1901, '高淳', 'town'),
(190104, 1901, '江宁', 'town'),
(190105, 1901, '六合', 'town'),
(190106, 1901, '江浦', 'town'),
(190107, 1901, '浦口', 'town'),
(1902, 19, '无锡', 'city'),
(190201, 1902, '无锡', 'town'),
(190202, 1902, '江阴', 'town'),
(190203, 1902, '宜兴', 'town'),
(190204, 1902, '锡山', 'town'),
(1903, 19, '镇江', 'city'),
(190301, 1903, '镇江', 'town'),
(190302, 1903, '丹阳', 'town'),
(190303, 1903, '扬中', 'town'),
(190304, 1903, '句容', 'town'),
(190305, 1903, '丹徒', 'town'),
(1904, 19, '苏州', 'city'),
(190401, 1904, '苏州', 'town'),
(190402, 1904, '常熟', 'town'),
(190403, 1904, '张家港', 'town'),
(190404, 1904, '昆山', 'town'),
(190405, 1904, '吴中', 'town'),
(190406, 1904, '吴江', 'town'),
(190407, 1904, '太仓', 'town'),
(1905, 19, '南通', 'city'),
(190501, 1905, '南通', 'town'),
(190502, 1905, '海安', 'town'),
(190503, 1905, '如皋', 'town'),
(190504, 1905, '如东', 'town'),
(190505, 1905, '启东', 'town'),
(190506, 1905, '海门', 'town'),
(190507, 1905, '通州', 'town'),
(1906, 19, '扬州', 'city'),
(190601, 1906, '扬州', 'town'),
(190602, 1906, '宝应', 'town'),
(190603, 1906, '仪征', 'town'),
(190604, 1906, '高邮', 'town'),
(190605, 1906, '江都', 'town'),
(190606, 1906, '邗江', 'town'),
(1907, 19, '盐城', 'city'),
(190701, 1907, '盐城', 'town'),
(190702, 1907, '响水', 'town'),
(190703, 1907, '滨海', 'town'),
(190704, 1907, '阜宁', 'town'),
(190705, 1907, '射阳', 'town'),
(190706, 1907, '建湖', 'town'),
(190707, 1907, '东台', 'town'),
(190708, 1907, '大丰', 'town'),
(190709, 1907, '盐都', 'town'),
(1908, 19, '徐州', 'city'),
(190801, 1908, '徐州', 'town'),
(190802, 1908, '铜山', 'town'),
(190803, 1908, '丰县', 'town'),
(190804, 1908, '沛县', 'town'),
(190805, 1908, '邳州', 'town'),
(190806, 1908, '睢宁', 'town'),
(190807, 1908, '新沂', 'town'),
(1909, 19, '淮安', 'city'),
(190901, 1909, '淮安', 'town'),
(190902, 1909, '金湖', 'town'),
(190903, 1909, '盱眙', 'town'),
(190904, 1909, '洪泽', 'town'),
(190905, 1909, '涟水', 'town'),
(190906, 1909, '淮阴区', 'town'),
(190907, 1909, '淮安区', 'town');
INSERT INTO `city` (`id`, `pid`, `name`, `level`) VALUES
(1910, 19, '连云港', 'city'),
(191001, 1910, '连云港', 'town'),
(191002, 1910, '东海', 'town'),
(191003, 1910, '赣榆', 'town'),
(191004, 1910, '灌云', 'town'),
(191005, 1910, '灌南', 'town'),
(1911, 19, '常州', 'city'),
(191101, 1911, '常州', 'town'),
(191102, 1911, '溧阳', 'town'),
(191103, 1911, '金坛', 'town'),
(191104, 1911, '武进', 'town'),
(1912, 19, '泰州', 'city'),
(191201, 1912, '泰州', 'town'),
(191202, 1912, '兴化', 'town'),
(191203, 1912, '泰兴', 'town'),
(191204, 1912, '姜堰', 'town'),
(191205, 1912, '靖江', 'town'),
(1913, 19, '宿迁', 'city'),
(191301, 1913, '宿迁', 'town'),
(191302, 1913, '沭阳', 'town'),
(191303, 1913, '泗阳', 'town'),
(191304, 1913, '泗洪', 'town'),
(191305, 1913, '宿豫', 'town'),
(20, 0, '湖北', 'province'),
(2001, 20, '武汉', 'city'),
(200101, 2001, '武汉', 'town'),
(200102, 2001, '蔡甸', 'town'),
(200103, 2001, '黄陂', 'town'),
(200104, 2001, '新洲', 'town'),
(200105, 2001, '江夏', 'town'),
(200106, 2001, '东西湖', 'town'),
(2002, 20, '襄阳', 'city'),
(200201, 2002, '襄阳', 'town'),
(200202, 2002, '襄州', 'town'),
(200203, 2002, '保康', 'town'),
(200204, 2002, '南漳', 'town'),
(200205, 2002, '宜城', 'town'),
(200206, 2002, '老河口', 'town'),
(200207, 2002, '谷城', 'town'),
(200208, 2002, '枣阳', 'town'),
(2003, 20, '鄂州', 'city'),
(200301, 2003, '鄂州', 'town'),
(200302, 2003, '梁子湖', 'town'),
(2004, 20, '孝感', 'city'),
(200401, 2004, '孝感', 'town'),
(200402, 2004, '安陆', 'town'),
(200403, 2004, '云梦', 'town'),
(200404, 2004, '大悟', 'town'),
(200405, 2004, '应城', 'town'),
(200406, 2004, '汉川', 'town'),
(200407, 2004, '孝昌', 'town'),
(2005, 20, '黄冈', 'city'),
(200501, 2005, '黄冈', 'town'),
(200502, 2005, '红安', 'town'),
(200503, 2005, '麻城', 'town'),
(200504, 2005, '罗田', 'town'),
(200505, 2005, '英山', 'town'),
(200506, 2005, '浠水', 'town'),
(200507, 2005, '蕲春', 'town'),
(200508, 2005, '黄梅', 'town'),
(200509, 2005, '武穴', 'town'),
(200510, 2005, '团风', 'town'),
(2006, 20, '黄石', 'city'),
(200601, 2006, '黄石', 'town'),
(200602, 2006, '大冶', 'town'),
(200603, 2006, '阳新', 'town'),
(200604, 2006, '铁山', 'town'),
(200605, 2006, '下陆', 'town'),
(200606, 2006, '西塞山', 'town'),
(2007, 20, '咸宁', 'city'),
(200701, 2007, '咸宁', 'town'),
(200702, 2007, '赤壁', 'town'),
(200703, 2007, '嘉鱼', 'town'),
(200704, 2007, '崇阳', 'town'),
(200705, 2007, '通城', 'town'),
(200706, 2007, '通山', 'town'),
(2008, 20, '荆州', 'city'),
(200801, 2008, '荆州', 'town'),
(200802, 2008, '江陵', 'town'),
(200803, 2008, '公安', 'town'),
(200804, 2008, '石首', 'town'),
(200805, 2008, '监利', 'town'),
(200806, 2008, '洪湖', 'town'),
(200807, 2008, '松滋', 'town'),
(200808, 2008, '沙市', 'town'),
(2009, 20, '宜昌', 'city'),
(200901, 2009, '宜昌', 'town'),
(200902, 2009, '远安', 'town'),
(200903, 2009, '秭归', 'town'),
(200904, 2009, '兴山', 'town'),
(200905, 2009, '五峰', 'town'),
(200906, 2009, '当阳', 'town'),
(200907, 2009, '长阳', 'town'),
(200908, 2009, '宜都', 'town'),
(200909, 2009, '枝江', 'town'),
(200910, 2009, '三峡', 'town'),
(200911, 2009, '夷陵', 'town'),
(2010, 20, '恩施', 'city'),
(201001, 2010, '恩施', 'town'),
(201002, 2010, '利川', 'town'),
(201003, 2010, '建始', 'town'),
(201004, 2010, '咸丰', 'town'),
(201005, 2010, '宣恩', 'town'),
(201006, 2010, '鹤峰', 'town'),
(201007, 2010, '来凤', 'town'),
(201008, 2010, '巴东', 'town'),
(2011, 20, '十堰', 'city'),
(201101, 2011, '十堰', 'town'),
(201102, 2011, '竹溪', 'town'),
(201103, 2011, '郧西', 'town'),
(201104, 2011, '郧县', 'town'),
(201105, 2011, '竹山', 'town'),
(201106, 2011, '房县', 'town'),
(201107, 2011, '丹江口', 'town'),
(201108, 2011, '茅箭', 'town'),
(201109, 2011, '张湾', 'town'),
(2012, 20, '神农架', 'city'),
(201201, 2012, '神农架', 'town'),
(2013, 20, '随州', 'city'),
(201301, 2013, '随州', 'town'),
(201302, 2013, '广水', 'town'),
(2014, 20, '荆门', 'city'),
(201401, 2014, '荆门', 'town'),
(201402, 2014, '钟祥', 'town'),
(201403, 2014, '京山', 'town'),
(201404, 2014, '掇刀', 'town'),
(201405, 2014, '沙洋', 'town'),
(2015, 20, '天门', 'city'),
(201501, 2015, '天门', 'town'),
(2016, 20, '仙桃', 'city'),
(201601, 2016, '仙桃', 'town'),
(2017, 20, '潜江', 'city'),
(201701, 2017, '潜江', 'town'),
(21, 0, '浙江', 'province'),
(2101, 21, '杭州', 'city'),
(210101, 2101, '杭州', 'town'),
(210102, 2101, '萧山', 'town'),
(210103, 2101, '桐庐', 'town'),
(210104, 2101, '淳安', 'town'),
(210105, 2101, '建德', 'town'),
(210106, 2101, '余杭', 'town'),
(210107, 2101, '临安', 'town'),
(210108, 2101, '富阳', 'town'),
(2102, 21, '湖州', 'city'),
(210201, 2102, '湖州', 'town'),
(210202, 2102, '长兴', 'town'),
(210203, 2102, '安吉', 'town'),
(210204, 2102, '德清', 'town'),
(2103, 21, '嘉兴', 'city'),
(210301, 2103, '嘉兴', 'town'),
(210302, 2103, '嘉善', 'town'),
(210303, 2103, '海宁', 'town'),
(210304, 2103, '桐乡', 'town'),
(210305, 2103, '平湖', 'town'),
(210306, 2103, '海盐', 'town'),
(2104, 21, '宁波', 'city'),
(210401, 2104, '宁波', 'town'),
(210402, 2104, '慈溪', 'town'),
(210403, 2104, '余姚', 'town'),
(210404, 2104, '奉化', 'town'),
(210405, 2104, '象山', 'town'),
(210406, 2104, '宁海', 'town'),
(210407, 2104, '北仑', 'town'),
(210408, 2104, '鄞州', 'town'),
(210409, 2104, '镇海', 'town'),
(2105, 21, '绍兴', 'city'),
(210501, 2105, '绍兴', 'town'),
(210502, 2105, '诸暨', 'town'),
(210503, 2105, '上虞', 'town'),
(210504, 2105, '新昌', 'town'),
(210505, 2105, '嵊州', 'town'),
(2106, 21, '台州', 'city'),
(210601, 2106, '台州', 'town'),
(210602, 2106, '玉环', 'town'),
(210603, 2106, '三门', 'town'),
(210604, 2106, '天台', 'town'),
(210605, 2106, '仙居', 'town'),
(210606, 2106, '温岭', 'town'),
(210607, 2106, '洪家', 'town'),
(210608, 2106, '临海', 'town'),
(210609, 2106, '椒江', 'town'),
(210610, 2106, '黄岩', 'town'),
(210611, 2106, '路桥', 'town'),
(2107, 21, '温州', 'city'),
(210701, 2107, '温州', 'town'),
(210702, 2107, '泰顺', 'town'),
(210703, 2107, '文成', 'town'),
(210704, 2107, '平阳', 'town'),
(210705, 2107, '瑞安', 'town'),
(210706, 2107, '洞头', 'town'),
(210707, 2107, '乐清', 'town'),
(210708, 2107, '永嘉', 'town'),
(210709, 2107, '苍南', 'town'),
(2108, 21, '丽水', 'city'),
(210801, 2108, '丽水', 'town'),
(210802, 2108, '遂昌', 'town'),
(210803, 2108, '龙泉', 'town'),
(210804, 2108, '缙云', 'town'),
(210805, 2108, '青田', 'town'),
(210806, 2108, '云和', 'town'),
(210807, 2108, '庆元', 'town'),
(210808, 2108, '松阳', 'town'),
(210809, 2108, '景宁', 'town'),
(2109, 21, '金华', 'city'),
(210901, 2109, '金华', 'town'),
(210902, 2109, '浦江', 'town'),
(210903, 2109, '兰溪', 'town'),
(210904, 2109, '义乌', 'town'),
(210905, 2109, '东阳', 'town'),
(210906, 2109, '武义', 'town'),
(210907, 2109, '永康', 'town'),
(210908, 2109, '磐安', 'town'),
(2110, 21, '衢州', 'city'),
(211001, 2110, '衢州', 'town'),
(211002, 2110, '常山', 'town'),
(211003, 2110, '开化', 'town'),
(211004, 2110, '龙游', 'town'),
(211005, 2110, '江山', 'town'),
(211006, 2110, '衢江', 'town'),
(2111, 21, '舟山', 'city'),
(211101, 2111, '舟山', 'town'),
(211102, 2111, '嵊泗', 'town'),
(211103, 2111, '岱山', 'town'),
(211104, 2111, '普陀', 'town'),
(211105, 2111, '定海', 'town'),
(22, 0, '安徽', 'province'),
(2201, 22, '合肥', 'city'),
(220101, 2201, '合肥', 'town'),
(220102, 2201, '长丰', 'town'),
(220103, 2201, '肥东', 'town'),
(220104, 2201, '肥西', 'town'),
(2202, 22, '蚌埠', 'city'),
(220201, 2202, '蚌埠', 'town'),
(220202, 2202, '怀远', 'town'),
(220203, 2202, '固镇', 'town'),
(220204, 2202, '五河', 'town'),
(2203, 22, '芜湖', 'city'),
(220301, 2203, '芜湖', 'town'),
(220302, 2203, '繁昌', 'town'),
(220303, 2203, '芜湖县', 'town'),
(220304, 2203, '南陵', 'town'),
(2204, 22, '淮南', 'city'),
(220401, 2204, '淮南', 'town'),
(220402, 2204, '凤台', 'town'),
(220403, 2204, '潘集', 'town'),
(2205, 22, '马鞍山', 'city'),
(220501, 2205, '马鞍山', 'town'),
(220502, 2205, '当涂', 'town'),
(2206, 22, '安庆', 'city'),
(220601, 2206, '安庆', 'town'),
(220602, 2206, '枞阳', 'town'),
(220603, 2206, '太湖', 'town'),
(220604, 2206, '潜山', 'town'),
(220605, 2206, '怀宁', 'town'),
(220606, 2206, '宿松', 'town'),
(220607, 2206, '望江', 'town'),
(220608, 2206, '岳西', 'town'),
(220609, 2206, '桐城', 'town'),
(2207, 22, '宿州', 'city'),
(220701, 2207, '宿州', 'town'),
(220702, 2207, '砀山', 'town'),
(220703, 2207, '灵璧', 'town'),
(220704, 2207, '泗县', 'town'),
(220705, 2207, '萧县', 'town'),
(2208, 22, '阜阳', 'city'),
(220801, 2208, '阜阳', 'town'),
(220802, 2208, '阜南', 'town'),
(220803, 2208, '颍上', 'town'),
(220804, 2208, '临泉', 'town'),
(220805, 2208, '界首', 'town'),
(220806, 2208, '太和', 'town'),
(2209, 22, '亳州', 'city'),
(220901, 2209, '亳州', 'town'),
(220902, 2209, '涡阳', 'town'),
(220903, 2209, '利辛', 'town'),
(220904, 2209, '蒙城', 'town'),
(2210, 22, '黄山', 'city'),
(221001, 2210, '黄山市', 'town'),
(221002, 2210, '黄山区', 'town'),
(221003, 2210, '屯溪', 'town'),
(221004, 2210, '祁门', 'town'),
(221005, 2210, '黟县', 'town'),
(221006, 2210, '歙县', 'town'),
(221007, 2210, '休宁', 'town'),
(221008, 2210, '黄山风景区', 'town'),
(2211, 22, '滁州', 'city'),
(221101, 2211, '滁州', 'town'),
(221102, 2211, '凤阳', 'town'),
(221103, 2211, '明光', 'town'),
(221104, 2211, '定远', 'town'),
(221105, 2211, '全椒', 'town'),
(221106, 2211, '来安', 'town'),
(221107, 2211, '天长', 'town'),
(2212, 22, '淮北', 'city'),
(221201, 2212, '淮北', 'town'),
(221202, 2212, '濉溪', 'town'),
(2213, 22, '铜陵', 'city'),
(221301, 2213, '铜陵', 'town'),
(2214, 22, '宣城', 'city'),
(221401, 2214, '宣城', 'town'),
(221402, 2214, '泾县', 'town'),
(221403, 2214, '旌德', 'town'),
(221404, 2214, '宁国', 'town'),
(221405, 2214, '绩溪', 'town'),
(221406, 2214, '广德', 'town'),
(221407, 2214, '郎溪', 'town'),
(2215, 22, '六安', 'city'),
(221501, 2215, '六安', 'town'),
(221502, 2215, '霍邱', 'town'),
(221503, 2215, '寿县', 'town'),
(221504, 2215, '金寨', 'town'),
(221505, 2215, '霍山', 'town'),
(221506, 2215, '舒城', 'town'),
(2216, 22, '巢湖', 'city'),
(221601, 2216, '巢湖', 'town'),
(221602, 2216, '庐江', 'town'),
(221603, 2216, '无为', 'town'),
(221604, 2216, '含山', 'town'),
(221605, 2216, '和县', 'town'),
(2217, 22, '池州', 'city'),
(221701, 2217, '池州', 'town'),
(221702, 2217, '东至', 'town'),
(221703, 2217, '青阳', 'town'),
(221704, 2217, '九华山', 'town'),
(221705, 2217, '石台', 'town'),
(23, 0, '福建', 'province'),
(2301, 23, '福州', 'city'),
(230101, 2301, '福州', 'town'),
(230102, 2301, '闽清', 'town'),
(230103, 2301, '闽侯', 'town'),
(230104, 2301, '罗源', 'town'),
(230105, 2301, '连江', 'town'),
(230106, 2301, '永泰', 'town'),
(230107, 2301, '平潭', 'town'),
(230108, 2301, '长乐', 'town'),
(230109, 2301, '福清', 'town'),
(2302, 23, '厦门', 'city'),
(230201, 2302, '厦门', 'town'),
(230202, 2302, '同安', 'town'),
(2303, 23, '宁德', 'city'),
(230301, 2303, '宁德', 'town'),
(230302, 2303, '古田', 'town'),
(230303, 2303, '霞浦', 'town'),
(230304, 2303, '寿宁', 'town'),
(230305, 2303, '周宁', 'town'),
(230306, 2303, '福安', 'town'),
(230307, 2303, '柘荣', 'town'),
(230308, 2303, '福鼎', 'town'),
(230309, 2303, '屏南', 'town'),
(2304, 23, '莆田', 'city'),
(230401, 2304, '莆田', 'town'),
(230402, 2304, '仙游', 'town'),
(230403, 2304, '秀屿港', 'town'),
(230404, 2304, '涵江', 'town'),
(230405, 2304, '秀屿', 'town'),
(230406, 2304, '荔城', 'town'),
(230407, 2304, '城厢', 'town'),
(2305, 23, '泉州', 'city'),
(230501, 2305, '泉州', 'town'),
(230502, 2305, '安溪', 'town'),
(230503, 2305, '永春', 'town'),
(230504, 2305, '德化', 'town'),
(230505, 2305, '南安', 'town'),
(230506, 2305, '崇武', 'town'),
(230507, 2305, '惠安', 'town'),
(230508, 2305, '晋江', 'town'),
(230509, 2305, '石狮', 'town'),
(2306, 23, '漳州', 'city'),
(230601, 2306, '漳州', 'town'),
(230602, 2306, '长泰', 'town'),
(230603, 2306, '南靖', 'town'),
(230604, 2306, '平和', 'town'),
(230605, 2306, '龙海', 'town'),
(230606, 2306, '漳浦', 'town'),
(230607, 2306, '诏安', 'town'),
(230608, 2306, '东山', 'town'),
(230609, 2306, '云霄', 'town'),
(230610, 2306, '华安', 'town'),
(2307, 23, '龙岩', 'city'),
(230701, 2307, '龙岩', 'town'),
(230702, 2307, '长汀', 'town'),
(230703, 2307, '连城', 'town'),
(230704, 2307, '武平', 'town'),
(230705, 2307, '上杭', 'town'),
(230706, 2307, '永定', 'town'),
(230707, 2307, '漳平', 'town'),
(2308, 23, '三明', 'city'),
(230801, 2308, '三明', 'town'),
(230802, 2308, '宁化', 'town'),
(230803, 2308, '清流', 'town'),
(230804, 2308, '泰宁', 'town'),
(230805, 2308, '将乐', 'town'),
(230806, 2308, '建宁', 'town'),
(230807, 2308, '明溪', 'town'),
(230808, 2308, '沙县', 'town'),
(230809, 2308, '尤溪', 'town'),
(230810, 2308, '永安', 'town'),
(230811, 2308, '大田', 'town'),
(2309, 23, '南平', 'city'),
(230901, 2309, '南平', 'town'),
(230902, 2309, '顺昌', 'town'),
(230903, 2309, '光泽', 'town'),
(230904, 2309, '邵武', 'town'),
(230905, 2309, '武夷山', 'town'),
(230906, 2309, '浦城', 'town'),
(230907, 2309, '建阳', 'town'),
(230908, 2309, '松溪', 'town'),
(230909, 2309, '政和', 'town'),
(230910, 2309, '建瓯', 'town'),
(24, 0, '江西', 'province'),
(2401, 24, '南昌', 'city'),
(240101, 2401, '南昌', 'town'),
(240102, 2401, '新建', 'town'),
(240103, 2401, '南昌县', 'town'),
(240104, 2401, '安义', 'town'),
(240105, 2401, '进贤', 'town'),
(2402, 24, '九江', 'city'),
(240201, 2402, '九江', 'town'),
(240202, 2402, '瑞昌', 'town'),
(240203, 2402, '庐山', 'town'),
(240204, 2402, '武宁', 'town'),
(240205, 2402, '德安', 'town'),
(240206, 2402, '永修', 'town'),
(240207, 2402, '湖口', 'town'),
(240208, 2402, '彭泽', 'town'),
(240209, 2402, '星子', 'town'),
(240210, 2402, '都昌', 'town'),
(240211, 2402, '修水', 'town'),
(2403, 24, '上饶', 'city'),
(240301, 2403, '上饶', 'town'),
(240302, 2403, '鄱阳', 'town'),
(240303, 2403, '婺源', 'town'),
(240304, 2403, '余干', 'town'),
(240305, 2403, '万年', 'town'),
(240306, 2403, '德兴', 'town'),
(240307, 2403, '上饶县', 'town'),
(240308, 2403, '弋阳', 'town'),
(240309, 2403, '横峰', 'town'),
(240310, 2403, '铅山', 'town'),
(240311, 2403, '玉山', 'town'),
(240312, 2403, '广丰', 'town'),
(2404, 24, '抚州', 'city'),
(240401, 2404, '抚州', 'town'),
(240402, 2404, '广昌', 'town'),
(240403, 2404, '乐安', 'town'),
(240404, 2404, '崇仁', 'town'),
(240405, 2404, '金溪', 'town'),
(240406, 2404, '资溪', 'town'),
(240407, 2404, '宜黄', 'town'),
(240408, 2404, '南城', 'town'),
(240409, 2404, '南丰', 'town'),
(240410, 2404, '黎川', 'town'),
(240411, 2404, '东乡', 'town'),
(2405, 24, '宜春', 'city'),
(240501, 2405, '宜春', 'town'),
(240502, 2405, '铜鼓', 'town'),
(240503, 2405, '宜丰', 'town'),
(240504, 2405, '万载', 'town'),
(240505, 2405, '上高', 'town'),
(240506, 2405, '靖安', 'town'),
(240507, 2405, '奉新', 'town'),
(240508, 2405, '高安', 'town'),
(240509, 2405, '樟树', 'town'),
(240510, 2405, '丰城', 'town'),
(2406, 24, '吉安', 'city'),
(240601, 2406, '吉安', 'town'),
(240602, 2406, '吉安县', 'town'),
(240603, 2406, '吉水', 'town'),
(240604, 2406, '新干', 'town'),
(240605, 2406, '峡江', 'town'),
(240606, 2406, '永丰', 'town'),
(240607, 2406, '永新', 'town'),
(240608, 2406, '井冈山', 'town'),
(240609, 2406, '万安', 'town'),
(240610, 2406, '遂川', 'town'),
(240611, 2406, '泰和', 'town'),
(240612, 2406, '安福', 'town'),
(240613, 2406, '宁冈', 'town'),
(2407, 24, '赣州', 'city'),
(240701, 2407, '赣州', 'town'),
(240702, 2407, '崇义', 'town'),
(240703, 2407, '上犹', 'town'),
(240704, 2407, '南康', 'town'),
(240705, 2407, '大余', 'town'),
(240706, 2407, '信丰', 'town'),
(240707, 2407, '宁都', 'town'),
(240708, 2407, '石城', 'town'),
(240709, 2407, '瑞金', 'town'),
(240710, 2407, '于都', 'town'),
(240711, 2407, '会昌', 'town'),
(240712, 2407, '安远', 'town'),
(240713, 2407, '全南', 'town'),
(240714, 2407, '龙南', 'town'),
(240715, 2407, '定南', 'town'),
(240716, 2407, '寻乌', 'town'),
(240717, 2407, '兴国', 'town'),
(240718, 2407, '赣县', 'town'),
(2408, 24, '景德镇', 'city'),
(240801, 2408, '景德镇', 'town'),
(240802, 2408, '乐平', 'town'),
(240803, 2408, '浮梁', 'town'),
(2409, 24, '萍乡', 'city'),
(240901, 2409, '萍乡', 'town'),
(240902, 2409, '莲花', 'town'),
(240903, 2409, '上栗', 'town'),
(240904, 2409, '安源', 'town'),
(240905, 2409, '芦溪', 'town'),
(240906, 2409, '湘东', 'town'),
(2410, 24, '新余', 'city'),
(241001, 2410, '新余', 'town'),
(241002, 2410, '分宜', 'town'),
(2411, 24, '鹰潭', 'city'),
(241101, 2411, '鹰潭', 'town'),
(241102, 2411, '余江', 'town'),
(241103, 2411, '贵溪', 'town'),
(25, 0, '湖南', 'province'),
(2501, 25, '长沙', 'city'),
(250101, 2501, '长沙', 'town'),
(250102, 2501, '宁乡', 'town'),
(250103, 2501, '浏阳', 'town'),
(250104, 2501, '马坡岭', 'town'),
(250105, 2501, '望城', 'town'),
(2502, 25, '湘潭', 'city'),
(250201, 2502, '湘潭', 'town'),
(250202, 2502, '韶山', 'town'),
(250203, 2502, '湘乡', 'town'),
(2503, 25, '株洲', 'city'),
(250301, 2503, '株洲', 'town'),
(250302, 2503, '攸县', 'town'),
(250303, 2503, '醴陵', 'town'),
(250304, 2503, '茶陵', 'town'),
(250305, 2503, '炎陵', 'town'),
(2504, 25, '衡阳', 'city'),
(250401, 2504, '衡阳', 'town'),
(250402, 2504, '衡山', 'town'),
(250403, 2504, '衡东', 'town'),
(250404, 2504, '祁东', 'town'),
(250405, 2504, '衡阳县', 'town'),
(250406, 2504, '常宁', 'town'),
(250407, 2504, '衡南', 'town'),
(250408, 2504, '耒阳', 'town'),
(250409, 2504, '南岳', 'town'),
(2505, 25, '郴州', 'city'),
(250501, 2505, '郴州', 'town'),
(250502, 2505, '桂阳', 'town'),
(250503, 2505, '嘉禾', 'town'),
(250504, 2505, '宜章', 'town'),
(250505, 2505, '临武', 'town'),
(250506, 2505, '资兴', 'town'),
(250507, 2505, '汝城', 'town'),
(250508, 2505, '安仁', 'town'),
(250509, 2505, '永兴', 'town'),
(250510, 2505, '桂东', 'town'),
(250511, 2505, '苏仙', 'town'),
(2506, 25, '常德', 'city'),
(250601, 2506, '常德', 'town'),
(250602, 2506, '安乡', 'town'),
(250603, 2506, '桃源', 'town'),
(250604, 2506, '汉寿', 'town'),
(250605, 2506, '澧县', 'town'),
(250606, 2506, '临澧', 'town'),
(250607, 2506, '石门', 'town'),
(250608, 2506, '津市', 'town'),
(2507, 25, '益阳', 'city'),
(250701, 2507, '益阳', 'town'),
(250702, 2507, '赫山区', 'town'),
(250703, 2507, '南县', 'town'),
(250704, 2507, '桃江', 'town'),
(250705, 2507, '安化', 'town'),
(250706, 2507, '沅江', 'town'),
(2508, 25, '娄底', 'city'),
(250801, 2508, '娄底', 'town'),
(250802, 2508, '双峰', 'town'),
(250803, 2508, '冷水江', 'town'),
(250804, 2508, '新化', 'town'),
(250805, 2508, '涟源', 'town'),
(2509, 25, '邵阳', 'city'),
(250901, 2509, '邵阳', 'town'),
(250902, 2509, '隆回', 'town'),
(250903, 2509, '洞口', 'town'),
(250904, 2509, '新邵', 'town'),
(250905, 2509, '邵东', 'town'),
(250906, 2509, '绥宁', 'town'),
(250907, 2509, '新宁', 'town'),
(250908, 2509, '武冈', 'town'),
(250909, 2509, '城步', 'town'),
(250910, 2509, '邵阳县', 'town'),
(2510, 25, '岳阳', 'city'),
(251001, 2510, '岳阳', 'town'),
(251002, 2510, '华容', 'town'),
(251003, 2510, '湘阴', 'town'),
(251004, 2510, '汨罗', 'town'),
(251005, 2510, '平江', 'town'),
(251006, 2510, '临湘', 'town'),
(2511, 25, '张家界', 'city'),
(251101, 2511, '张家界', 'town'),
(251102, 2511, '桑植', 'town'),
(251103, 2511, '慈利', 'town'),
(251104, 2511, '武陵源', 'town'),
(2512, 25, '怀化', 'city'),
(251201, 2512, '怀化', 'town'),
(251202, 2512, '沅陵', 'town'),
(251203, 2512, '辰溪', 'town'),
(251204, 2512, '靖州', 'town'),
(251205, 2512, '会同', 'town'),
(251206, 2512, '通道', 'town'),
(251207, 2512, '麻阳', 'town'),
(251208, 2512, '新晃', 'town'),
(251209, 2512, '芷江', 'town'),
(251210, 2512, '溆浦', 'town'),
(251211, 2512, '中方', 'town'),
(251212, 2512, '洪江', 'town'),
(2513, 25, '永州', 'city'),
(251301, 2513, '永州', 'town'),
(251302, 2513, '祁阳', 'town'),
(251303, 2513, '东安', 'town'),
(251304, 2513, '双牌', 'town'),
(251305, 2513, '道县', 'town'),
(251306, 2513, '宁远', 'town'),
(251307, 2513, '江永', 'town'),
(251308, 2513, '蓝山', 'town'),
(251309, 2513, '新田', 'town'),
(251310, 2513, '江华', 'town'),
(251311, 2513, '冷水滩', 'town'),
(2514, 25, '湘西', 'city'),
(251401, 2514, '吉首', 'town'),
(251402, 2514, '保靖', 'town'),
(251403, 2514, '永顺', 'town'),
(251404, 2514, '古丈', 'town'),
(251405, 2514, '凤凰', 'town'),
(251406, 2514, '泸溪', 'town'),
(251407, 2514, '龙山', 'town'),
(251408, 2514, '花垣', 'town'),
(26, 0, '贵州', 'province'),
(2601, 26, '贵阳', 'city'),
(260101, 2601, '贵阳', 'town'),
(260102, 2601, '白云', 'town'),
(260103, 2601, '花溪', 'town'),
(260104, 2601, '乌当', 'town'),
(260105, 2601, '息烽', 'town'),
(260106, 2601, '开阳', 'town'),
(260107, 2601, '修文', 'town'),
(260108, 2601, '清镇', 'town'),
(260109, 2601, '小河', 'town'),
(260110, 2601, '云岩', 'town'),
(260111, 2601, '南明', 'town'),
(2602, 26, '遵义', 'city'),
(260201, 2602, '遵义', 'town'),
(260202, 2602, '遵义县', 'town'),
(260203, 2602, '仁怀', 'town'),
(260204, 2602, '绥阳', 'town'),
(260205, 2602, '湄潭', 'town'),
(260206, 2602, '凤冈', 'town'),
(260207, 2602, '桐梓', 'town'),
(260208, 2602, '赤水', 'town'),
(260209, 2602, '习水', 'town'),
(260210, 2602, '道真', 'town'),
(260211, 2602, '正安', 'town'),
(260212, 2602, '务川', 'town'),
(260213, 2602, '余庆', 'town'),
(260214, 2602, '汇川', 'town'),
(260215, 2602, '红花岗', 'town'),
(2603, 26, '安顺', 'city'),
(260301, 2603, '安顺', 'town'),
(260302, 2603, '普定', 'town'),
(260303, 2603, '镇宁', 'town'),
(260304, 2603, '平坝', 'town'),
(260305, 2603, '紫云', 'town'),
(260306, 2603, '关岭', 'town'),
(2604, 26, '黔南', 'city'),
(260401, 2604, '都匀', 'town'),
(260402, 2604, '贵定', 'town'),
(260403, 2604, '瓮安', 'town'),
(260404, 2604, '长顺', 'town'),
(260405, 2604, '福泉', 'town'),
(260406, 2604, '惠水', 'town'),
(260407, 2604, '龙里', 'town'),
(260408, 2604, '罗甸', 'town'),
(260409, 2604, '平塘', 'town'),
(260410, 2604, '独山', 'town'),
(260411, 2604, '三都', 'town'),
(260412, 2604, '荔波', 'town'),
(2605, 26, '黔东南', 'city'),
(260501, 2605, '凯里', 'town'),
(260502, 2605, '岑巩', 'town'),
(260503, 2605, '施秉', 'town'),
(260504, 2605, '镇远', 'town'),
(260505, 2605, '黄平', 'town'),
(260506, 2605, '麻江', 'town'),
(260507, 2605, '丹寨', 'town'),
(260508, 2605, '三穗', 'town'),
(260509, 2605, '台江', 'town'),
(260510, 2605, '剑河', 'town'),
(260511, 2605, '雷山', 'town'),
(260512, 2605, '黎平', 'town'),
(260513, 2605, '天柱', 'town'),
(260514, 2605, '锦屏', 'town'),
(260515, 2605, '榕江', 'town'),
(260516, 2605, '从江', 'town'),
(2606, 26, '铜仁', 'city'),
(260601, 2606, '铜仁', 'town'),
(260602, 2606, '江口', 'town'),
(260603, 2606, '玉屏', 'town'),
(260604, 2606, '万山', 'town'),
(260605, 2606, '思南', 'town'),
(260606, 2606, '印江', 'town'),
(260607, 2606, '石阡', 'town'),
(260608, 2606, '沿河', 'town'),
(260609, 2606, '德江', 'town'),
(260610, 2606, '松桃', 'town'),
(2607, 26, '毕节', 'city'),
(260701, 2607, '毕节', 'town'),
(260702, 2607, '赫章', 'town'),
(260703, 2607, '金沙', 'town'),
(260704, 2607, '威宁', 'town'),
(260705, 2607, '大方', 'town'),
(260706, 2607, '纳雍', 'town'),
(260707, 2607, '织金', 'town'),
(260708, 2607, '黔西', 'town'),
(2608, 26, '六盘水', 'city'),
(260801, 2608, '水城', 'town'),
(260802, 2608, '六枝', 'town'),
(260803, 2608, '盘县', 'town'),
(2609, 26, '黔西南', 'city'),
(260901, 2609, '兴义', 'town'),
(260902, 2609, '晴隆', 'town'),
(260903, 2609, '兴仁', 'town'),
(260904, 2609, '贞丰', 'town'),
(260905, 2609, '望谟', 'town'),
(260906, 2609, '安龙', 'town'),
(260907, 2609, '册亨', 'town'),
(260908, 2609, '普安', 'town'),
(27, 0, '四川', 'province'),
(2701, 27, '成都', 'city'),
(270101, 2701, '成都', 'town'),
(270102, 2701, '龙泉驿', 'town'),
(270103, 2701, '新都', 'town'),
(270104, 2701, '温江', 'town'),
(270105, 2701, '金堂', 'town'),
(270106, 2701, '双流', 'town'),
(270107, 2701, '郫县', 'town'),
(270108, 2701, '大邑', 'town'),
(270109, 2701, '蒲江', 'town'),
(270110, 2701, '新津', 'town'),
(270111, 2701, '都江堰', 'town'),
(270112, 2701, '彭州', 'town'),
(270113, 2701, '邛崃', 'town'),
(270114, 2701, '崇州', 'town'),
(2702, 27, '攀枝花', 'city'),
(270201, 2702, '攀枝花', 'town'),
(270202, 2702, '仁和', 'town'),
(270203, 2702, '米易', 'town'),
(270204, 2702, '盐边', 'town'),
(2703, 27, '自贡', 'city'),
(270301, 2703, '自贡', 'town'),
(270302, 2703, '富顺', 'town'),
(270303, 2703, '荣县', 'town'),
(2704, 27, '绵阳', 'city'),
(270401, 2704, '绵阳', 'town'),
(270402, 2704, '三台', 'town'),
(270403, 2704, '盐亭', 'town'),
(270404, 2704, '安县', 'town'),
(270405, 2704, '梓潼', 'town'),
(270406, 2704, '北川', 'town'),
(270407, 2704, '平武', 'town'),
(270408, 2704, '江油', 'town'),
(2705, 27, '南充', 'city'),
(270501, 2705, '南充', 'town'),
(270502, 2705, '南部', 'town'),
(270503, 2705, '营山', 'town'),
(270504, 2705, '蓬安', 'town'),
(270505, 2705, '仪陇', 'town'),
(270506, 2705, '西充', 'town'),
(270507, 2705, '阆中', 'town'),
(2706, 27, '达州', 'city'),
(270601, 2706, '达州', 'town'),
(270602, 2706, '宣汉', 'town'),
(270603, 2706, '开江', 'town'),
(270604, 2706, '大竹', 'town'),
(270605, 2706, '渠县', 'town'),
(270606, 2706, '万源', 'town'),
(270607, 2706, '通川', 'town'),
(270608, 2706, '达县', 'town'),
(2707, 27, '遂宁', 'city'),
(270701, 2707, '遂宁', 'town'),
(270702, 2707, '蓬溪', 'town'),
(270703, 2707, '射洪', 'town'),
(2708, 27, '广安', 'city'),
(270801, 2708, '广安', 'town'),
(270802, 2708, '岳池', 'town'),
(270803, 2708, '武胜', 'town'),
(270804, 2708, '邻水', 'town'),
(270805, 2708, '华蓥', 'town'),
(2709, 27, '巴中', 'city'),
(270901, 2709, '巴中', 'town'),
(270902, 2709, '通江', 'town'),
(270903, 2709, '南江', 'town'),
(270904, 2709, '平昌', 'town'),
(2710, 27, '泸州', 'city'),
(271001, 2710, '泸州', 'town'),
(271002, 2710, '泸县', 'town'),
(271003, 2710, '合江', 'town'),
(271004, 2710, '叙永', 'town'),
(271005, 2710, '古蔺', 'town'),
(271006, 2710, '纳溪', 'town'),
(2711, 27, '宜宾', 'city'),
(271101, 2711, '宜宾', 'town'),
(271102, 2711, '宜宾县', 'town'),
(271103, 2711, '南溪', 'town'),
(271104, 2711, '江安', 'town'),
(271105, 2711, '长宁', 'town'),
(271106, 2711, '高县', 'town'),
(271107, 2711, '珙县', 'town'),
(271108, 2711, '筠连', 'town'),
(271109, 2711, '兴文', 'town'),
(271110, 2711, '屏山', 'town'),
(2712, 27, '内江', 'city'),
(271201, 2712, '内江', 'town'),
(271202, 2712, '东兴', 'town'),
(271203, 2712, '威远', 'town'),
(271204, 2712, '资中', 'town'),
(271205, 2712, '隆昌', 'town'),
(2713, 27, '资阳', 'city'),
(271301, 2713, '资阳', 'town'),
(271302, 2713, '安岳', 'town'),
(271303, 2713, '乐至', 'town'),
(271304, 2713, '简阳', 'town'),
(2714, 27, '乐山', 'city'),
(271401, 2714, '乐山', 'town'),
(271402, 2714, '犍为', 'town'),
(271403, 2714, '井研', 'town'),
(271404, 2714, '夹江', 'town'),
(271405, 2714, '沐川', 'town'),
(271406, 2714, '峨边', 'town'),
(271407, 2714, '马边', 'town'),
(271408, 2714, '峨眉', 'town'),
(271409, 2714, '峨眉山', 'town'),
(2715, 27, '眉山', 'city'),
(271501, 2715, '眉山', 'town'),
(271502, 2715, '仁寿', 'town'),
(271503, 2715, '彭山', 'town'),
(271504, 2715, '洪雅', 'town'),
(271505, 2715, '丹棱', 'town'),
(271506, 2715, '青神', 'town'),
(2716, 27, '凉山', 'city'),
(271601, 2716, '凉山', 'town'),
(271602, 2716, '木里', 'town'),
(271603, 2716, '盐源', 'town'),
(271604, 2716, '德昌', 'town'),
(271605, 2716, '会理', 'town'),
(271606, 2716, '会东', 'town'),
(271607, 2716, '宁南', 'town'),
(271608, 2716, '普格', 'town'),
(271609, 2716, '西昌', 'town'),
(271610, 2716, '金阳', 'town'),
(271611, 2716, '昭觉', 'town'),
(271612, 2716, '喜德', 'town'),
(271613, 2716, '冕宁', 'town'),
(271614, 2716, '越西', 'town'),
(271615, 2716, '甘洛', 'town'),
(271616, 2716, '雷波', 'town'),
(271617, 2716, '美姑', 'town'),
(271618, 2716, '布拖', 'town'),
(2717, 27, '雅安', 'city'),
(271701, 2717, '雅安', 'town'),
(271702, 2717, '名山', 'town'),
(271703, 2717, '荥经', 'town'),
(271704, 2717, '汉源', 'town'),
(271705, 2717, '石棉', 'town'),
(271706, 2717, '天全', 'town'),
(271707, 2717, '芦山', 'town'),
(271708, 2717, '宝兴', 'town'),
(2718, 27, '甘孜', 'city'),
(271801, 2718, '甘孜', 'town'),
(271802, 2718, '康定', 'town'),
(271803, 2718, '泸定', 'town'),
(271804, 2718, '丹巴', 'town'),
(271805, 2718, '九龙', 'town'),
(271806, 2718, '雅江', 'town'),
(271807, 2718, '道孚', 'town'),
(271808, 2718, '炉霍', 'town'),
(271809, 2718, '新龙', 'town'),
(271810, 2718, '德格', 'town'),
(271811, 2718, '白玉', 'town'),
(271812, 2718, '石渠', 'town'),
(271813, 2718, '色达', 'town'),
(271814, 2718, '理塘', 'town'),
(271815, 2718, '巴塘', 'town'),
(271816, 2718, '乡城', 'town'),
(271817, 2718, '稻城', 'town'),
(271818, 2718, '得荣', 'town'),
(2719, 27, '阿坝', 'city'),
(271901, 2719, '阿坝', 'town'),
(271902, 2719, '汶川', 'town'),
(271903, 2719, '理县', 'town'),
(271904, 2719, '茂县', 'town'),
(271905, 2719, '松潘', 'town'),
(271906, 2719, '九寨沟', 'town'),
(271907, 2719, '金川', 'town'),
(271908, 2719, '小金', 'town'),
(271909, 2719, '黑水', 'town'),
(271910, 2719, '马尔康', 'town'),
(271911, 2719, '壤塘', 'town'),
(271912, 2719, '若尔盖', 'town'),
(271913, 2719, '红原', 'town'),
(2720, 27, '德阳', 'city'),
(272001, 2720, '德阳', 'town'),
(272002, 2720, '中江', 'town'),
(272003, 2720, '广汉', 'town'),
(272004, 2720, '什邡', 'town'),
(272005, 2720, '绵竹', 'town'),
(272006, 2720, '罗江', 'town'),
(2721, 27, '广元', 'city'),
(272101, 2721, '广元', 'town'),
(272102, 2721, '旺苍', 'town'),
(272103, 2721, '青川', 'town'),
(272104, 2721, '剑阁', 'town'),
(272105, 2721, '苍溪', 'town'),
(28, 0, '广东', 'province'),
(2801, 28, '广州', 'city'),
(280101, 2801, '广州', 'town'),
(280102, 2801, '番禺', 'town'),
(280103, 2801, '从化', 'town'),
(280104, 2801, '增城', 'town'),
(280105, 2801, '花都', 'town'),
(2802, 28, '韶关', 'city'),
(280201, 2802, '韶关', 'town'),
(280202, 2802, '乳源', 'town'),
(280203, 2802, '始兴', 'town'),
(280204, 2802, '翁源', 'town'),
(280205, 2802, '乐昌', 'town'),
(280206, 2802, '仁化', 'town'),
(280207, 2802, '南雄', 'town'),
(280208, 2802, '新丰', 'town'),
(280209, 2802, '曲江', 'town'),
(280210, 2802, '浈江', 'town'),
(280211, 2802, '武江', 'town'),
(2803, 28, '惠州', 'city'),
(280301, 2803, '惠州', 'town'),
(280302, 2803, '博罗', 'town'),
(280303, 2803, '惠阳', 'town'),
(280304, 2803, '惠东', 'town'),
(280305, 2803, '龙门', 'town'),
(2804, 28, '梅州', 'city'),
(280401, 2804, '梅州', 'town'),
(280402, 2804, '兴宁', 'town'),
(280403, 2804, '蕉岭', 'town'),
(280404, 2804, '大埔', 'town'),
(280405, 2804, '丰顺', 'town'),
(280406, 2804, '平远', 'town'),
(280407, 2804, '五华', 'town'),
(280408, 2804, '梅县', 'town'),
(2805, 28, '汕头', 'city'),
(280501, 2805, '汕头', 'town'),
(280502, 2805, '潮阳', 'town'),
(280503, 2805, '澄海', 'town'),
(280504, 2805, '南澳', 'town'),
(2806, 28, '深圳', 'city'),
(280601, 2806, '深圳', 'town'),
(2807, 28, '珠海', 'city'),
(280701, 2807, '珠海', 'town'),
(280702, 2807, '斗门', 'town'),
(280703, 2807, '金湾', 'town'),
(2808, 28, '佛山', 'city'),
(280801, 2808, '佛山', 'town'),
(280802, 2808, '顺德', 'town'),
(280803, 2808, '三水', 'town'),
(280804, 2808, '南海', 'town'),
(280805, 2808, '高明', 'town'),
(2809, 28, '肇庆', 'city'),
(280901, 2809, '肇庆', 'town'),
(280902, 2809, '广宁', 'town'),
(280903, 2809, '四会', 'town'),
(280904, 2809, '德庆', 'town'),
(280905, 2809, '怀集', 'town'),
(280906, 2809, '封开', 'town'),
(280907, 2809, '高要', 'town'),
(2810, 28, '湛江', 'city'),
(281001, 2810, '湛江', 'town'),
(281002, 2810, '吴川', 'town'),
(281003, 2810, '雷州', 'town'),
(281004, 2810, '徐闻', 'town'),
(281005, 2810, '廉江', 'town'),
(281006, 2810, '赤坎', 'town'),
(281007, 2810, '遂溪', 'town'),
(281008, 2810, '坡头', 'town'),
(281009, 2810, '霞山', 'town'),
(281010, 2810, '麻章', 'town'),
(2811, 28, '江门', 'city'),
(281101, 2811, '江门', 'town'),
(281102, 2811, '开平', 'town'),
(281103, 2811, '新会', 'town'),
(281104, 2811, '恩平', 'town'),
(281105, 2811, '台山', 'town'),
(281106, 2811, '蓬江', 'town'),
(281107, 2811, '鹤山', 'town'),
(281108, 2811, '江海', 'town'),
(2812, 28, '河源', 'city'),
(281201, 2812, '河源', 'town'),
(281202, 2812, '紫金', 'town'),
(281203, 2812, '连平', 'town'),
(281204, 2812, '和平', 'town'),
(281205, 2812, '龙川', 'town'),
(281206, 2812, '东源', 'town'),
(2813, 28, '清远', 'city'),
(281301, 2813, '清远', 'town'),
(281302, 2813, '连南', 'town'),
(281303, 2813, '连州', 'town'),
(281304, 2813, '连山', 'town'),
(281305, 2813, '阳山', 'town'),
(281306, 2813, '佛冈', 'town'),
(281307, 2813, '英德', 'town'),
(281308, 2813, '清新', 'town'),
(2814, 28, '云浮', 'city'),
(281401, 2814, '云浮', 'town'),
(281402, 2814, '罗定', 'town'),
(281403, 2814, '新兴', 'town'),
(281404, 2814, '郁南', 'town'),
(281405, 2814, '云安', 'town'),
(2815, 28, '潮州', 'city'),
(281501, 2815, '潮州', 'town'),
(281502, 2815, '饶平', 'town'),
(281503, 2815, '潮安', 'town'),
(2816, 28, '东莞', 'city'),
(281601, 2816, '东莞', 'town'),
(2817, 28, '中山', 'city'),
(281701, 2817, '中山', 'town'),
(2818, 28, '阳江', 'city'),
(281801, 2818, '阳江', 'town'),
(281802, 2818, '阳春', 'town'),
(281803, 2818, '阳东', 'town'),
(281804, 2818, '阳西', 'town'),
(2819, 28, '揭阳', 'city'),
(281901, 2819, '揭阳', 'town'),
(281902, 2819, '揭西', 'town'),
(281903, 2819, '普宁', 'town'),
(281904, 2819, '惠来', 'town'),
(281905, 2819, '揭东', 'town'),
(2820, 28, '茂名', 'city'),
(282001, 2820, '茂名', 'town'),
(282002, 2820, '高州', 'town'),
(282003, 2820, '化州', 'town'),
(282004, 2820, '电白', 'town'),
(282005, 2820, '信宜', 'town'),
(282006, 2820, '茂港', 'town'),
(2821, 28, '汕尾', 'city'),
(282101, 2821, '汕尾', 'town'),
(282102, 2821, '海丰', 'town'),
(282103, 2821, '陆丰', 'town'),
(282104, 2821, '陆河', 'town'),
(29, 0, '云南', 'province'),
(2901, 29, '昆明', 'city'),
(290101, 2901, '昆明', 'town'),
(290102, 2901, '东川', 'town'),
(290103, 2901, '寻甸', 'town'),
(290104, 2901, '晋宁', 'town'),
(290105, 2901, '宜良', 'town'),
(290106, 2901, '石林', 'town'),
(290107, 2901, '呈贡', 'town'),
(290108, 2901, '富民', 'town'),
(290109, 2901, '嵩明', 'town'),
(290110, 2901, '禄劝', 'town'),
(290111, 2901, '安宁', 'town'),
(290112, 2901, '太华山', 'town'),
(2902, 29, '大理', 'city'),
(290201, 2902, '大理', 'town'),
(290202, 2902, '云龙', 'town'),
(290203, 2902, '漾濞', 'town'),
(290204, 2902, '永平', 'town'),
(290205, 2902, '宾川', 'town'),
(290206, 2902, '弥渡', 'town'),
(290207, 2902, '祥云', 'town'),
(290208, 2902, '巍山', 'town'),
(290209, 2902, '剑川', 'town'),
(290210, 2902, '洱源', 'town'),
(290211, 2902, '鹤庆', 'town'),
(290212, 2902, '南涧', 'town'),
(2903, 29, '红河', 'city'),
(290301, 2903, '红河', 'town'),
(290302, 2903, '石屏', 'town'),
(290303, 2903, '建水', 'town'),
(290304, 2903, '弥勒', 'town'),
(290305, 2903, '元阳', 'town'),
(290306, 2903, '绿春', 'town'),
(290307, 2903, '开远', 'town'),
(290308, 2903, '个旧', 'town'),
(290309, 2903, '蒙自', 'town'),
(290310, 2903, '屏边', 'town'),
(290311, 2903, '泸西', 'town'),
(290312, 2903, '金平', 'town'),
(290313, 2903, '河口', 'town'),
(2904, 29, '曲靖', 'city'),
(290401, 2904, '曲靖', 'town'),
(290402, 2904, '沾益', 'town'),
(290403, 2904, '陆良', 'town'),
(290404, 2904, '富源', 'town'),
(290405, 2904, '马龙', 'town'),
(290406, 2904, '师宗', 'town'),
(290407, 2904, '罗平', 'town'),
(290408, 2904, '会泽', 'town'),
(290409, 2904, '宣威', 'town'),
(2905, 29, '保山', 'city'),
(290501, 2905, '保山', 'town'),
(290502, 2905, '龙陵', 'town'),
(290503, 2905, '施甸', 'town'),
(290504, 2905, '昌宁', 'town'),
(290505, 2905, '腾冲', 'town'),
(2906, 29, '文山', 'city'),
(290601, 2906, '文山', 'town'),
(290602, 2906, '西畴', 'town'),
(290603, 2906, '马关', 'town'),
(290604, 2906, '麻栗坡', 'town'),
(290605, 2906, '砚山', 'town'),
(290606, 2906, '丘北', 'town'),
(290607, 2906, '广南', 'town'),
(290608, 2906, '富宁', 'town'),
(2907, 29, '玉溪', 'city'),
(290701, 2907, '玉溪', 'town'),
(290702, 2907, '澄江', 'town'),
(290703, 2907, '江川', 'town'),
(290704, 2907, '通海', 'town'),
(290705, 2907, '华宁', 'town'),
(290706, 2907, '新平', 'town'),
(290707, 2907, '易门', 'town'),
(290708, 2907, '峨山', 'town'),
(290709, 2907, '元江', 'town'),
(2908, 29, '楚雄', 'city'),
(290801, 2908, '楚雄', 'town'),
(290802, 2908, '大姚', 'town'),
(290803, 2908, '元谋', 'town'),
(290804, 2908, '姚安', 'town'),
(290805, 2908, '牟定', 'town'),
(290806, 2908, '南华', 'town'),
(290807, 2908, '武定', 'town'),
(290808, 2908, '禄丰', 'town'),
(290809, 2908, '双柏', 'town'),
(290810, 2908, '永仁', 'town'),
(2909, 29, '普洱', 'city'),
(290901, 2909, '普洱', 'town'),
(290902, 2909, '景谷', 'town'),
(290903, 2909, '景东', 'town'),
(290904, 2909, '澜沧', 'town'),
(290905, 2909, '墨江', 'town'),
(290906, 2909, '江城', 'town'),
(290907, 2909, '孟连', 'town'),
(290908, 2909, '西盟', 'town'),
(290909, 2909, '镇沅', 'town'),
(290910, 2909, '宁洱', 'town'),
(2910, 29, '昭通', 'city'),
(291001, 2910, '昭通', 'town'),
(291002, 2910, '鲁甸', 'town'),
(291003, 2910, '彝良', 'town'),
(291004, 2910, '镇雄', 'town'),
(291005, 2910, '威信', 'town'),
(291006, 2910, '巧家', 'town'),
(291007, 2910, '绥江', 'town'),
(291008, 2910, '永善', 'town'),
(291009, 2910, '盐津', 'town'),
(291010, 2910, '大关', 'town'),
(291011, 2910, '水富', 'town'),
(2911, 29, '临沧', 'city'),
(291101, 2911, '临沧', 'town'),
(291102, 2911, '沧源', 'town'),
(291103, 2911, '耿马', 'town'),
(291104, 2911, '双江', 'town'),
(291105, 2911, '凤庆', 'town'),
(291106, 2911, '永德', 'town'),
(291107, 2911, '云县', 'town'),
(291108, 2911, '镇康', 'town'),
(2912, 29, '怒江', 'city'),
(291201, 2912, '怒江', 'town'),
(291202, 2912, '福贡', 'town'),
(291203, 2912, '兰坪', 'town'),
(291204, 2912, '泸水', 'town'),
(291205, 2912, '六库', 'town'),
(291206, 2912, '贡山', 'town'),
(2913, 29, '迪庆', 'city'),
(291301, 2913, '香格里拉', 'town'),
(291302, 2913, '德钦', 'town'),
(291303, 2913, '维西', 'town'),
(291304, 2913, '中甸', 'town'),
(2914, 29, '丽江', 'city'),
(291401, 2914, '丽江', 'town'),
(291402, 2914, '永胜', 'town'),
(291403, 2914, '华坪', 'town'),
(291404, 2914, '宁蒗', 'town'),
(2915, 29, '德宏', 'city'),
(291501, 2915, '德宏', 'town'),
(291502, 2915, '陇川', 'town'),
(291503, 2915, '盈江', 'town'),
(291504, 2915, '瑞丽', 'town'),
(291505, 2915, '梁河', 'town'),
(291506, 2915, '潞西', 'town'),
(2916, 29, '西双版纳', 'city'),
(291601, 2916, '景洪', 'town'),
(291602, 2916, '勐海', 'town'),
(291603, 2916, '勐腊', 'town'),
(30, 0, '广西', 'province'),
(3001, 30, '南宁', 'city'),
(300101, 3001, '南宁', 'town'),
(300102, 3001, '邕宁', 'town'),
(300103, 3001, '横县', 'town'),
(300104, 3001, '隆安', 'town'),
(300105, 3001, '马山', 'town'),
(300106, 3001, '上林', 'town'),
(300107, 3001, '武鸣', 'town'),
(300108, 3001, '宾阳', 'town'),
(3002, 30, '崇左', 'city'),
(300201, 3002, '崇左', 'town'),
(300202, 3002, '天等', 'town'),
(300203, 3002, '龙州', 'town'),
(300204, 3002, '凭祥', 'town'),
(300205, 3002, '大新', 'town'),
(300206, 3002, '扶绥', 'town'),
(300207, 3002, '宁明', 'town'),
(3003, 30, '柳州', 'city'),
(300301, 3003, '柳州', 'town'),
(300302, 3003, '柳城', 'town'),
(300303, 3003, '鹿寨', 'town'),
(300304, 3003, '柳江', 'town'),
(300305, 3003, '融安', 'town'),
(300306, 3003, '融水', 'town'),
(300307, 3003, '三江', 'town'),
(3004, 30, '来宾', 'city'),
(300401, 3004, '来宾', 'town'),
(300402, 3004, '忻城', 'town'),
(300403, 3004, '金秀', 'town'),
(300404, 3004, '象州', 'town'),
(300405, 3004, '武宣', 'town'),
(300406, 3004, '合山', 'town'),
(3005, 30, '桂林', 'city'),
(300501, 3005, '桂林', 'town'),
(300502, 3005, '龙胜', 'town'),
(300503, 3005, '永福', 'town'),
(300504, 3005, '临桂', 'town'),
(300505, 3005, '兴安', 'town'),
(300506, 3005, '灵川', 'town'),
(300507, 3005, '全州', 'town'),
(300508, 3005, '灌阳', 'town'),
(300509, 3005, '阳朔', 'town'),
(300510, 3005, '恭城', 'town'),
(300511, 3005, '平乐', 'town'),
(300512, 3005, '荔浦', 'town'),
(300513, 3005, '资源', 'town'),
(3006, 30, '梧州', 'city'),
(300601, 3006, '梧州', 'town'),
(300602, 3006, '藤县', 'town'),
(300603, 3006, '苍梧', 'town'),
(300604, 3006, '蒙山', 'town'),
(300605, 3006, '岑溪', 'town'),
(3007, 30, '贺州', 'city'),
(300701, 3007, '贺州', 'town'),
(300702, 3007, '昭平', 'town'),
(300703, 3007, '富川', 'town'),
(300704, 3007, '钟山', 'town'),
(3008, 30, '贵港', 'city'),
(300801, 3008, '贵港', 'town'),
(300802, 3008, '桂平', 'town'),
(300803, 3008, '平南', 'town'),
(3009, 30, '玉林', 'city'),
(300901, 3009, '玉林', 'town'),
(300902, 3009, '博白', 'town'),
(300903, 3009, '北流', 'town'),
(300904, 3009, '容县', 'town'),
(300905, 3009, '陆川', 'town'),
(300906, 3009, '兴业', 'town'),
(3010, 30, '百色', 'city'),
(301001, 3010, '百色', 'town'),
(301002, 3010, '那坡', 'town'),
(301003, 3010, '田阳', 'town'),
(301004, 3010, '德保', 'town'),
(301005, 3010, '靖西', 'town'),
(301006, 3010, '田东', 'town'),
(301007, 3010, '平果', 'town'),
(301008, 3010, '隆林', 'town'),
(301009, 3010, '西林', 'town'),
(301010, 3010, '乐业', 'town'),
(301011, 3010, '凌云', 'town'),
(301012, 3010, '田林', 'town'),
(3011, 30, '钦州', 'city'),
(301101, 3011, '钦州', 'town'),
(301102, 3011, '浦北', 'town'),
(301103, 3011, '灵山', 'town'),
(3012, 30, '河池', 'city'),
(301201, 3012, '河池', 'town'),
(301202, 3012, '天峨', 'town'),
(301203, 3012, '东兰', 'town'),
(301204, 3012, '巴马', 'town'),
(301205, 3012, '环江', 'town'),
(301206, 3012, '罗城', 'town'),
(301207, 3012, '宜州', 'town'),
(301208, 3012, '凤山', 'town'),
(301209, 3012, '南丹', 'town'),
(301210, 3012, '都安', 'town'),
(301211, 3012, '大化', 'town'),
(3013, 30, '北海', 'city'),
(301301, 3013, '北海', 'town'),
(301302, 3013, '合浦', 'town'),
(301303, 3013, '涠洲岛', 'town'),
(3014, 30, '防城港', 'city'),
(301401, 3014, '防城港', 'town'),
(301402, 3014, '上思', 'town'),
(301403, 3014, '东兴', 'town'),
(301404, 3014, '防城', 'town'),
(31, 0, '海南', 'province'),
(3101, 31, '海口', 'city'),
(310101, 3101, '海口', 'town'),
(3102, 31, '三亚', 'city'),
(310201, 3102, '三亚', 'town'),
(3103, 31, '东方', 'city'),
(310301, 3103, '东方', 'town'),
(3104, 31, '临高', 'city'),
(310401, 3104, '临高', 'town'),
(3105, 31, '澄迈', 'city'),
(310501, 3105, '澄迈', 'town'),
(3106, 31, '儋州', 'city'),
(310601, 3106, '儋州', 'town'),
(3107, 31, '昌江', 'city'),
(310701, 3107, '昌江', 'town'),
(3108, 31, '白沙', 'city'),
(310801, 3108, '白沙', 'town'),
(3109, 31, '琼中', 'city'),
(310901, 3109, '琼中', 'town'),
(3110, 31, '定安', 'city'),
(311001, 3110, '定安', 'town'),
(3111, 31, '屯昌', 'city'),
(311101, 3111, '屯昌', 'town'),
(3112, 31, '琼海', 'city'),
(311201, 3112, '琼海', 'town'),
(3113, 31, '文昌', 'city'),
(311301, 3113, '文昌', 'town'),
(3114, 31, '保亭', 'city'),
(311401, 3114, '保亭', 'town'),
(3115, 31, '万宁', 'city'),
(311501, 3115, '万宁', 'town'),
(3116, 31, '陵水', 'city'),
(311601, 3116, '陵水', 'town'),
(3117, 31, '西沙', 'city'),
(311701, 3117, '西沙', 'town'),
(3118, 31, '南沙', 'city'),
(311801, 3118, '南沙', 'town'),
(3119, 31, '乐东', 'city'),
(311901, 3119, '乐东', 'town'),
(3120, 31, '五指山', 'city'),
(312001, 3120, '五指山', 'town'),
(32, 0, '香港', 'province'),
(3201, 32, '香港', 'city'),
(320101, 3201, '香港', 'town'),
(320102, 3201, '九龙', 'town'),
(320103, 3201, '新界', 'town'),
(33, 0, '澳门', 'province'),
(3301, 33, '澳门', 'city'),
(330101, 3301, '澳门', 'town'),
(330102, 3301, '氹仔岛', 'town'),
(330103, 3301, '路环岛', 'town'),
(34, 0, '台湾', 'province'),
(3401, 34, '台北', 'city'),
(340101, 3401, '台北', 'town'),
(340102, 3401, '桃园', 'town'),
(340103, 3401, '新竹', 'town'),
(340104, 3401, '宜兰', 'town'),
(3402, 34, '高雄', 'city'),
(340201, 3402, '高雄', 'town'),
(340202, 3402, '嘉义', 'town'),
(340203, 3402, '台南', 'town'),
(340204, 3402, '台东', 'town'),
(340205, 3402, '屏东', 'town'),
(3403, 34, '台中', 'city'),
(340301, 3403, '台中', 'town'),
(340302, 3403, '苗栗', 'town'),
(340303, 3403, '彰化', 'town'),
(340304, 3403, '南投', 'town'),
(340305, 3403, '花莲', 'town'),
(340306, 3403, '云林', 'town');

-- --------------------------------------------------------

--
-- 表的结构 `comment`
--

CREATE TABLE IF NOT EXISTS `comment` (
`id` int(11) NOT NULL,
  `goods_in_order_id` int(11) NOT NULL,
  `gopen_id` int(11) NOT NULL,
  `user_id` int(11) NOT NULL,
  `comment` text COMMENT '确认收货后评论',
  `comment_time` datetime DEFAULT NULL,
  `product_quality_score` decimal(8,2) NOT NULL DEFAULT '5.00' COMMENT '产品质量得分\n',
  `customer_service_score` decimal(8,2) NOT NULL DEFAULT '5.00' COMMENT '客户服务得分',
  `reply` text,
  `reply_time` datetime DEFAULT NULL
) ENGINE=InnoDB  DEFAULT CHARSET=utf8 COMMENT='评论回复' AUTO_INCREMENT=39 ;

--
-- 转存表中的数据 `comment`
--

INSERT INTO `comment` (`id`, `goods_in_order_id`, `gopen_id`, `user_id`, `comment`, `comment_time`, `product_quality_score`, `customer_service_score`, `reply`, `reply_time`) VALUES
(38, 106, 1, 0, 'qweqwewq', '2014-12-30 06:41:15', '3.00', '3.00', NULL, NULL);

-- --------------------------------------------------------

--
-- 表的结构 `complaint`
--

CREATE TABLE IF NOT EXISTS `complaint` (
`id` int(11) NOT NULL,
  `user_id` int(11) NOT NULL,
  `content` text NOT NULL,
  `create_time` timestamp NOT NULL DEFAULT CURRENT_TIMESTAMP,
  `reply` int(11) DEFAULT NULL,
  `reply_time` timestamp NULL DEFAULT NULL
) ENGINE=InnoDB  DEFAULT CHARSET=utf8 COMMENT='投诉建议、用户留言表' AUTO_INCREMENT=2 ;

--
-- 转存表中的数据 `complaint`
--

INSERT INTO `complaint` (`id`, `user_id`, `content`, `create_time`, `reply`, `reply_time`) VALUES
(1, 0, '我要投诉！！！', '2015-01-01 09:19:46', NULL, NULL);

-- --------------------------------------------------------

--
-- 表的结构 `coupon`
--

CREATE TABLE IF NOT EXISTS `coupon` (
`id` int(11) NOT NULL,
  `name` varchar(45) DEFAULT NULL,
  `limit` decimal(8,2) NOT NULL DEFAULT '0.00' COMMENT '订单总价满足(不包括邮费)最低条件',
  `value` decimal(8,2) NOT NULL DEFAULT '0.00' COMMENT '面值',
  `note` varchar(255) DEFAULT NULL COMMENT '特别说明',
  `type` tinyint(4) NOT NULL DEFAULT '1' COMMENT '类型在什么情况下可用',
  `create_time` timestamp NOT NULL DEFAULT CURRENT_TIMESTAMP ON UPDATE CURRENT_TIMESTAMP,
  `start_time` datetime DEFAULT NULL,
  `end_time` datetime DEFAULT NULL
) ENGINE=InnoDB  DEFAULT CHARSET=utf8 COMMENT='优惠券/现金券(满多少减多少的)' AUTO_INCREMENT=2 ;

--
-- 转存表中的数据 `coupon`
--

INSERT INTO `coupon` (`id`, `name`, `limit`, `value`, `note`, `type`, `create_time`, `start_time`, `end_time`) VALUES
(1, '大优惠', '100.00', '5.00', '20返5块', 1, '2014-12-31 08:04:33', NULL, NULL);

-- --------------------------------------------------------

--
-- 表的结构 `goods`
--

CREATE TABLE IF NOT EXISTS `goods` (
`id` int(11) NOT NULL,
  `gopen_id` int(11) NOT NULL,
  `name` varchar(255) NOT NULL,
  `selling_price` varchar(45) NOT NULL COMMENT '售价',
  `original_price` varchar(45) DEFAULT NULL COMMENT '原价',
  `category_id` int(11) DEFAULT NULL,
  `picture_ids` varchar(255) DEFAULT NULL,
  `label_ids` varchar(255) DEFAULT NULL,
  `detail` text COMMENT '商品详情',
  `stock` int(11) NOT NULL DEFAULT '0' COMMENT '库存',
  `volume` int(11) NOT NULL DEFAULT '0' COMMENT '销量',
  `recommended` tinyint(1) NOT NULL DEFAULT '0',
  `create_time` timestamp NOT NULL DEFAULT CURRENT_TIMESTAMP ON UPDATE CURRENT_TIMESTAMP,
  `enable` tinyint(1) NOT NULL DEFAULT '1'
) ENGINE=InnoDB  DEFAULT CHARSET=utf8 COMMENT='商品' AUTO_INCREMENT=17 ;

--
-- 转存表中的数据 `goods`
--

INSERT INTO `goods` (`id`, `gopen_id`, `name`, `selling_price`, `original_price`, `category_id`, `picture_ids`, `label_ids`, `detail`, `stock`, `volume`, `recommended`, `create_time`, `enable`) VALUES
(1, 1, '宝宝衣服1', '122', '22', 4, '1,2,3', NULL, NULL, 54, 1, 1, '2014-12-31 08:05:16', 0),
(2, 2, '宝宝衣服2', '150', '229', 5, '3,4', '2,3', '详情', 199, 0, 0, '2014-10-26 11:55:46', 1),
(3, 3, '宝宝衣服3', '99', '199', 5, '5,6', '2,4', '详情', 16, 0, 0, '2014-12-31 08:05:02', 1),
(4, 4, '宝宝衣服4', '50', '100', 5, '7,8', '1,3', '详情', -15, 0, 0, '2014-12-30 14:27:50', 1),
(5, 5, '宝宝衣服5', '60', '200', 5, '7', '1', '详情', 0, 0, 0, '2014-10-27 09:30:35', 1),
(6, 1, '宝宝衣服51', '133', '199', 5, '1,2', '1,2,8,9', '详情', 54, 9, 1, '2014-12-31 08:05:16', 1),
(7, 6, '123123', '123', NULL, 5, '1,2', '4', NULL, 0, 0, 0, '2014-12-30 05:34:54', 1),
(8, 7, '123123', '123', NULL, 5, '1,2', NULL, NULL, 0, 0, 0, '2014-11-24 14:08:55', 1),
(9, 8, '123123', '123', NULL, 5, '1,2', NULL, NULL, 0, 0, 0, '2014-11-24 14:09:08', 1),
(10, 9, '123123', '123', NULL, 5, '1,2', NULL, NULL, 0, 0, 0, '2014-11-24 14:09:16', 1),
(11, 10, '呵呵呵', '999', NULL, 5, '1,2', NULL, NULL, 0, 0, 0, '2014-11-24 14:09:25', 1),
(12, 11, '呵呵呵', '999', NULL, 5, '1,2', NULL, NULL, 0, 0, 0, '2014-11-24 14:09:31', 1),
(13, 12, '呵呵呵', '999', NULL, 5, '1,2', NULL, NULL, 0, 0, 0, '2014-11-24 14:09:39', 1),
(14, 13, '呵呵呵', '999', NULL, 5, '1,2', NULL, NULL, 0, 0, 0, '2014-11-24 14:09:46', 1),
(15, 14, '呵呵呵', '999', NULL, 5, '1,2', NULL, NULL, 0, 0, 0, '2014-11-24 14:09:53', 1),
(16, 15, '呵呵呵', '999', NULL, 5, '1,2', NULL, NULL, 0, 0, 0, '2014-11-24 14:09:59', 1);

-- --------------------------------------------------------

--
-- 表的结构 `goods_category`
--

CREATE TABLE IF NOT EXISTS `goods_category` (
`id` int(11) NOT NULL,
  `pid` int(11) NOT NULL DEFAULT '0',
  `name` varchar(255) DEFAULT NULL,
  `level` tinyint(4) NOT NULL DEFAULT '1' COMMENT '层次12..'
) ENGINE=InnoDB  DEFAULT CHARSET=utf8 COMMENT='商品类别表' AUTO_INCREMENT=14 ;

--
-- 转存表中的数据 `goods_category`
--

INSERT INTO `goods_category` (`id`, `pid`, `name`, `level`) VALUES
(1, 0, '有车族', 1),
(2, 0, '美食汇', 1),
(3, 0, '婴童屋', 1),
(4, 0, '生活家', 1),
(5, 3, '宝宝衣服', 2),
(6, 3, '宝宝护理', 2),
(7, 3, '奶粉', 2),
(8, 3, '纸尿裤', 2),
(9, 3, '喂哺', 2),
(10, 3, '宝宝鞋子', 2),
(11, 3, '宝宝玩具', 2),
(12, 3, '寝具出行', 2),
(13, 9, '第三个。。', 3);

-- --------------------------------------------------------

--
-- 表的结构 `goods_in_order`
--

CREATE TABLE IF NOT EXISTS `goods_in_order` (
`id` int(11) NOT NULL,
  `order_id` int(11) NOT NULL,
  `goods_id` int(11) NOT NULL,
  `attribute_id` int(11) NOT NULL,
  `number` int(11) DEFAULT '1',
  `state` tinyint(4) NOT NULL DEFAULT '1' COMMENT '用户未评论1、用户已评论2、卖家未回复3、卖家已回复4'
) ENGINE=InnoDB  DEFAULT CHARSET=utf8 COMMENT='商品-订单' AUTO_INCREMENT=113 ;

--
-- 转存表中的数据 `goods_in_order`
--

INSERT INTO `goods_in_order` (`id`, `order_id`, `goods_id`, `attribute_id`, `number`, `state`) VALUES
(106, 95, 6, 5, 1, 1),
(107, 96, 6, 5, 1, 1),
(108, 96, 6, 6, 1, 1),
(109, 97, 6, 5, 1, 1),
(110, 98, 6, 5, 1, 1),
(111, 99, 3, 9, 1, 1),
(112, 100, 6, 5, 1, 1);

-- --------------------------------------------------------

--
-- 表的结构 `label`
--

CREATE TABLE IF NOT EXISTS `label` (
`id` int(11) NOT NULL,
  `name` varchar(255) DEFAULT NULL
) ENGINE=InnoDB  DEFAULT CHARSET=utf8 COMMENT='标签管理' AUTO_INCREMENT=8 ;

--
-- 转存表中的数据 `label`
--

INSERT INTO `label` (`id`, `name`) VALUES
(1, '新品'),
(2, '无条件包邮'),
(3, '天天特价'),
(4, '清仓'),
(5, '免费试用'),
(6, '每周二上新'),
(7, '每周五上新');

-- --------------------------------------------------------

--
-- 表的结构 `order`
--

CREATE TABLE IF NOT EXISTS `order` (
`id` int(11) NOT NULL,
  `user_id` int(11) NOT NULL,
  `goods_ids` varchar(255) DEFAULT NULL,
  `address_id` int(11) NOT NULL,
  `order_amount` varchar(45) DEFAULT NULL COMMENT '订单金额',
  `payment_amount` decimal(8,2) NOT NULL DEFAULT '0.00' COMMENT '付款金额(可能有修改',
  `create_time` timestamp NOT NULL DEFAULT CURRENT_TIMESTAMP ON UPDATE CURRENT_TIMESTAMP COMMENT '下单时间',
  `payment_time` datetime DEFAULT NULL COMMENT '付款时间',
  `freight` decimal(8,2) NOT NULL DEFAULT '0.00' COMMENT '运费',
  `express_name` varchar(255) DEFAULT NULL,
  `express_num` varchar(255) DEFAULT NULL,
  `state` tinyint(4) NOT NULL COMMENT '未付款1、已付款2、未发货3、已发货4、交易完成5、订单取消6'
) ENGINE=InnoDB  DEFAULT CHARSET=utf8 AUTO_INCREMENT=102 ;

--
-- 转存表中的数据 `order`
--

INSERT INTO `order` (`id`, `user_id`, `goods_ids`, `address_id`, `order_amount`, `payment_amount`, `create_time`, `payment_time`, `freight`, `express_name`, `express_num`, `state`) VALUES
(99, 0, '3', 51, '99', '99.00', '2015-01-01 09:28:07', NULL, '0.00', NULL, NULL, 2),
(100, 0, '6', 51, '133', '133.00', '2015-01-01 09:30:39', NULL, '0.00', NULL, NULL, 4),
(101, 0, '6', 51, '133', '133.00', '2014-12-31 08:06:09', NULL, '0.00', NULL, NULL, 2);

-- --------------------------------------------------------

--
-- 表的结构 `parameter`
--

CREATE TABLE IF NOT EXISTS `parameter` (
`id` int(11) NOT NULL,
  `gopen_id` int(11) NOT NULL,
  `brand` varchar(255) DEFAULT NULL COMMENT '品牌',
  `no` varchar(255) DEFAULT NULL COMMENT '货号',
  `listing_date` varchar(255) DEFAULT NULL COMMENT '上市年月',
  `material` varchar(255) DEFAULT NULL COMMENT '材质',
  `season` varchar(255) DEFAULT NULL COMMENT '季节',
  `color` varchar(255) DEFAULT NULL COMMENT '颜色',
  `storage` varchar(255) DEFAULT NULL COMMENT '存储方法',
  `guarantee` varchar(255) DEFAULT NULL COMMENT '保质期',
  `origin` varchar(255) DEFAULT NULL COMMENT '原产地',
  `packaging` varchar(255) DEFAULT NULL COMMENT '包装',
  `volume` varchar(255) DEFAULT NULL COMMENT '体积/容量',
  `usage` varchar(255) DEFAULT NULL COMMENT '用法'
) ENGINE=InnoDB  DEFAULT CHARSET=utf8 COMMENT='商品参数' AUTO_INCREMENT=7 ;

--
-- 转存表中的数据 `parameter`
--

INSERT INTO `parameter` (`id`, `gopen_id`, `brand`, `no`, `listing_date`, `material`, `season`, `color`, `storage`, `guarantee`, `origin`, `packaging`, `volume`, `usage`) VALUES
(1, 1, '巴拉巴拉', 'BL134561', '2014年秋', '棉', '秋冬', '黑，蓝', NULL, NULL, NULL, NULL, NULL, NULL),
(2, 2, '巴拉巴拉', 'BL134562', '2014年秋', '棉', '秋冬', '红，白', NULL, NULL, NULL, NULL, NULL, NULL),
(3, 3, '巴拉巴拉', 'BL134563', '2014年东', '棉', '秋冬', '绿，紫', NULL, NULL, NULL, NULL, NULL, NULL),
(4, 4, '巴拉巴拉', 'BL134564', '2014年东', '棉', '秋冬', '绿，紫', NULL, NULL, NULL, NULL, NULL, NULL),
(5, 5, '巴拉巴拉', 'BL134565', '2014年东', '棉', '秋冬', '绿，紫', NULL, NULL, NULL, NULL, NULL, NULL),
(6, 6, 'cici-shop', 'CCS103452', '2014summer', '棉', '夏', '红，白，绿，紫', NULL, NULL, NULL, NULL, NULL, NULL);

-- --------------------------------------------------------

--
-- 表的结构 `picture`
--

CREATE TABLE IF NOT EXISTS `picture` (
`id` int(11) NOT NULL,
  `url` varchar(255) DEFAULT NULL
) ENGINE=InnoDB  DEFAULT CHARSET=utf8 COMMENT='所有图片' AUTO_INCREMENT=11 ;

--
-- 转存表中的数据 `picture`
--

INSERT INTO `picture` (`id`, `url`) VALUES
(1, '1.jpg'),
(2, '2.jpg'),
(3, '3.jpg'),
(4, '4.jpg'),
(5, '5.jpg'),
(6, '6.jpg'),
(7, '7.jpg'),
(8, '8.jpg'),
(9, '9.jpg'),
(10, '10.jpg');

-- --------------------------------------------------------

--
-- 表的结构 `user`
--

CREATE TABLE IF NOT EXISTS `user` (
`id` int(11) NOT NULL,
  `tel` varchar(45) NOT NULL,
  `username` varchar(45) NOT NULL COMMENT '用户可以修改用户称',
  `code` varchar(255) DEFAULT NULL COMMENT '密码',
  `point` int(11) NOT NULL DEFAULT '0' COMMENT '会员积分,默认为0',
  `last_login` timestamp NULL DEFAULT NULL,
  `email_check` tinyint(1) NOT NULL DEFAULT '0',
  `create_time` timestamp NOT NULL DEFAULT CURRENT_TIMESTAMP ON UPDATE CURRENT_TIMESTAMP,
  `enable` tinyint(1) NOT NULL DEFAULT '1'
) ENGINE=InnoDB  DEFAULT CHARSET=utf8 COMMENT='会员表' AUTO_INCREMENT=3 ;

--
-- 转存表中的数据 `user`
--

INSERT INTO `user` (`id`, `tel`, `username`, `code`, `point`, `last_login`, `email_check`, `create_time`, `enable`) VALUES
(0, '13115223646', '123@qq.com', '4cc804c7c029f94db15ce141b35714fa88d61d3c', 0, NULL, 0, '2014-12-30 10:41:09', 1);

-- --------------------------------------------------------

--
-- 表的结构 `user_coupon`
--

CREATE TABLE IF NOT EXISTS `user_coupon` (
  `id` int(11) NOT NULL,
  `user_id` int(11) DEFAULT NULL,
  `coupon_id` int(11) DEFAULT NULL,
  `state` tinyint(4) NOT NULL DEFAULT '1' COMMENT '已使用2/已过期3/未使用1',
  `order_id` int(11) DEFAULT NULL
) ENGINE=InnoDB DEFAULT CHARSET=utf8 COMMENT='用户优惠券使用情况';

--
-- 转存表中的数据 `user_coupon`
--

INSERT INTO `user_coupon` (`id`, `user_id`, `coupon_id`, `state`, `order_id`) VALUES
(0, 0, 1, 1, 100);

-- --------------------------------------------------------

--
-- 表的结构 `wish_list`
--

CREATE TABLE IF NOT EXISTS `wish_list` (
`id` int(11) NOT NULL,
  `user_id` int(11) NOT NULL,
  `gopen_id` int(11) NOT NULL COMMENT '最新商品',
  `create_time` timestamp NOT NULL DEFAULT CURRENT_TIMESTAMP ON UPDATE CURRENT_TIMESTAMP
) ENGINE=InnoDB  DEFAULT CHARSET=utf8 COMMENT='愿望清单' AUTO_INCREMENT=26 ;

--
-- 转存表中的数据 `wish_list`
--

INSERT INTO `wish_list` (`id`, `user_id`, `gopen_id`, `create_time`) VALUES
(1, 1, 1, '2014-10-23 02:22:31'),
(2, 1, 2, '2014-10-23 02:22:31'),
(3, 1, 3, '2014-10-23 02:22:31'),
(13, 21, 56, '2014-12-27 08:31:44'),
(15, 21, 1, '2014-12-27 09:19:16'),
(16, 21, 2, '2014-12-27 09:19:16'),
(17, 21, 3, '2014-12-27 09:19:16'),
(18, 21, 4, '2014-12-27 09:19:16'),
(20, 21, 6, '2014-12-27 09:19:16'),
(21, 21, 7, '2014-12-27 09:19:16'),
(22, 21, 8, '2014-12-27 09:19:16'),
(23, 21, 9, '2014-12-27 09:19:16'),
(25, 21, 5, '2014-12-27 16:59:08');

--
-- Indexes for dumped tables
--

--
-- Indexes for table `ad`
--
ALTER TABLE `ad`
 ADD PRIMARY KEY (`id`);

--
-- Indexes for table `address`
--
ALTER TABLE `address`
 ADD PRIMARY KEY (`id`);

--
-- Indexes for table `admin`
--
ALTER TABLE `admin`
 ADD PRIMARY KEY (`id`);

--
-- Indexes for table `article`
--
ALTER TABLE `article`
 ADD PRIMARY KEY (`id`);

--
-- Indexes for table `attribute`
--
ALTER TABLE `attribute`
 ADD PRIMARY KEY (`id`);

--
-- Indexes for table `cart`
--
ALTER TABLE `cart`
 ADD PRIMARY KEY (`id`);

--
-- Indexes for table `city`
--
ALTER TABLE `city`
 ADD PRIMARY KEY (`id`), ADD KEY `pid` (`pid`,`name`,`level`);

--
-- Indexes for table `comment`
--
ALTER TABLE `comment`
 ADD PRIMARY KEY (`id`);

--
-- Indexes for table `complaint`
--
ALTER TABLE `complaint`
 ADD PRIMARY KEY (`id`);

--
-- Indexes for table `coupon`
--
ALTER TABLE `coupon`
 ADD PRIMARY KEY (`id`);

--
-- Indexes for table `goods`
--
ALTER TABLE `goods`
 ADD PRIMARY KEY (`id`);

--
-- Indexes for table `goods_category`
--
ALTER TABLE `goods_category`
 ADD PRIMARY KEY (`id`);

--
-- Indexes for table `goods_in_order`
--
ALTER TABLE `goods_in_order`
 ADD PRIMARY KEY (`id`);

--
-- Indexes for table `label`
--
ALTER TABLE `label`
 ADD PRIMARY KEY (`id`);

--
-- Indexes for table `order`
--
ALTER TABLE `order`
 ADD PRIMARY KEY (`id`);

--
-- Indexes for table `parameter`
--
ALTER TABLE `parameter`
 ADD PRIMARY KEY (`id`);

--
-- Indexes for table `picture`
--
ALTER TABLE `picture`
 ADD PRIMARY KEY (`id`);

--
-- Indexes for table `user`
--
ALTER TABLE `user`
 ADD PRIMARY KEY (`id`);

--
-- Indexes for table `user_coupon`
--
ALTER TABLE `user_coupon`
 ADD PRIMARY KEY (`id`);

--
-- Indexes for table `wish_list`
--
ALTER TABLE `wish_list`
 ADD PRIMARY KEY (`id`);

--
-- AUTO_INCREMENT for dumped tables
--

--
-- AUTO_INCREMENT for table `ad`
--
ALTER TABLE `ad`
MODIFY `id` int(11) NOT NULL AUTO_INCREMENT;
--
-- AUTO_INCREMENT for table `address`
--
ALTER TABLE `address`
MODIFY `id` int(11) NOT NULL AUTO_INCREMENT,AUTO_INCREMENT=52;
--
-- AUTO_INCREMENT for table `admin`
--
ALTER TABLE `admin`
MODIFY `id` int(11) NOT NULL AUTO_INCREMENT;
--
-- AUTO_INCREMENT for table `article`
--
ALTER TABLE `article`
MODIFY `id` int(11) NOT NULL AUTO_INCREMENT,AUTO_INCREMENT=2;
--
-- AUTO_INCREMENT for table `attribute`
--
ALTER TABLE `attribute`
MODIFY `id` int(11) NOT NULL AUTO_INCREMENT,AUTO_INCREMENT=12;
--
-- AUTO_INCREMENT for table `cart`
--
ALTER TABLE `cart`
MODIFY `id` int(11) NOT NULL AUTO_INCREMENT,AUTO_INCREMENT=5;
--
-- AUTO_INCREMENT for table `comment`
--
ALTER TABLE `comment`
MODIFY `id` int(11) NOT NULL AUTO_INCREMENT,AUTO_INCREMENT=39;
--
-- AUTO_INCREMENT for table `complaint`
--
ALTER TABLE `complaint`
MODIFY `id` int(11) NOT NULL AUTO_INCREMENT,AUTO_INCREMENT=2;
--
-- AUTO_INCREMENT for table `coupon`
--
ALTER TABLE `coupon`
MODIFY `id` int(11) NOT NULL AUTO_INCREMENT,AUTO_INCREMENT=2;
--
-- AUTO_INCREMENT for table `goods`
--
ALTER TABLE `goods`
MODIFY `id` int(11) NOT NULL AUTO_INCREMENT,AUTO_INCREMENT=17;
--
-- AUTO_INCREMENT for table `goods_category`
--
ALTER TABLE `goods_category`
MODIFY `id` int(11) NOT NULL AUTO_INCREMENT,AUTO_INCREMENT=14;
--
-- AUTO_INCREMENT for table `goods_in_order`
--
ALTER TABLE `goods_in_order`
MODIFY `id` int(11) NOT NULL AUTO_INCREMENT,AUTO_INCREMENT=113;
--
-- AUTO_INCREMENT for table `label`
--
ALTER TABLE `label`
MODIFY `id` int(11) NOT NULL AUTO_INCREMENT,AUTO_INCREMENT=8;
--
-- AUTO_INCREMENT for table `order`
--
ALTER TABLE `order`
MODIFY `id` int(11) NOT NULL AUTO_INCREMENT,AUTO_INCREMENT=102;
--
-- AUTO_INCREMENT for table `parameter`
--
ALTER TABLE `parameter`
MODIFY `id` int(11) NOT NULL AUTO_INCREMENT,AUTO_INCREMENT=7;
--
-- AUTO_INCREMENT for table `picture`
--
ALTER TABLE `picture`
MODIFY `id` int(11) NOT NULL AUTO_INCREMENT,AUTO_INCREMENT=11;
--
-- AUTO_INCREMENT for table `user`
--
ALTER TABLE `user`
MODIFY `id` int(11) NOT NULL AUTO_INCREMENT,AUTO_INCREMENT=3;
--
-- AUTO_INCREMENT for table `wish_list`
--
ALTER TABLE `wish_list`
MODIFY `id` int(11) NOT NULL AUTO_INCREMENT,AUTO_INCREMENT=26;
/*!40101 SET CHARACTER_SET_CLIENT=@OLD_CHARACTER_SET_CLIENT */;
/*!40101 SET CHARACTER_SET_RESULTS=@OLD_CHARACTER_SET_RESULTS */;
/*!40101 SET COLLATION_CONNECTION=@OLD_COLLATION_CONNECTION */;
